production_log_id,pds,machine_id,product_id,leader_id,manager_id,operator_id,supervisor_id,start_time,end_time,product_weight,material_weight,cut_pallet_count,waste_endroll_weight,waste_trim_weight,waste_production_weight,waste_core_weight,returned_material_weight,log_note
817,25030028,3,142,1,1,1,1,3/8/2025 12:03,3/8/2025 13:55,987,1382,21000,17,3,43,8,1200,
739,25030027,3,135,1,1,1,1,3/6/2025 12:43,3/6/2025 14:27,859,1045,7640,5,1,13,0,901,
433,25020505,2,2,1,1,1,1,2/25/2025 16:57,2/25/2025 18:05,648,1483,"18,200",16,4,23,20,1397,
323,25020337,5,72,1,1,1,1,2/21/2025 12:17,2/21/2025 14:45,556,766,"11,700",30,2,35,0,351,
430,25020505,2,2,1,1,1,1,2/25/2025 16:57,2/25/2025 19:24,402,1318,"18,200",16,4,23,20,1234,
871,25030166,3,157,1,1,1,1,3/10/2025 8:42,3/10/2025 10:32,324,1179,1230,0,0,0,4,1063,
1698,25030775,3,320,1,1,1,1,3/27/2025 9:03,3/27/2025 11:15,203,663,910,2,0,3,3,207,
940,25030194,3,167,1,1,1,1,3/11/2025 19:45,3/11/2025 21:58,118,724,950,4,1,2,3,712,
332,25020109,5,73,1,1,1,1,2/21/2025 13:46,2/21/2025 16:37,55,791,"3,950",7,1,9,0,736,
540,25020550,2,94,1,1,1,1,3/1/2025 5:53,3/1/2025 8:03,37,1428,"33,600",25,7,21,36,1354,
541,25020550,2,94,1,1,1,1,3/1/2025 5:53,3/1/2025 7:32,37,1428,"33,600",25,7,21,36,1354,
561,25020633,5,2,1,1,1,1,3/1/2025 15:12,3/1/2025 17:39,15,1565,"21,150",20,4,32,20,1337,
1212,25030385,3,166,1,1,1,1,3/18/2025 8:45,3/18/2025 10:28,14,138,12300,12,1,23,3,98,
1244,25030317,5,226,1,1,1,1,3/18/2025 16:23,3/18/2025 18:01,14,980,750,5,1,26,4,953,
1572,25030765,3,294,1,1,1,1,3/25/2025 12:58,3/25/2025 15:28,10,1145,1480,0,0,5,0,1031,
1167,25030339,3,208,1,1,1,1,3/17/2025 15:31,3/17/2025 17:43,2,147,1030,0,0,0,3,139,
1280,25030424,5,79,1,1,1,1,3/19/2025 10:35,3/19/2025 12:35,2,282,1100,11,2,9,3,252,
414,25020628,2,85,1,1,1,1,2/25/2025 7:16,2/25/2025 10:01,0,1304,"4,320",4,1,10,5,626,
416,25020628,2,85,1,1,1,1,2/25/2025 7:16,2/25/2025 10:10,0,1694,"4,320",4,1,10,5,1664,
1034,25030104,2,180,1,1,1,1,3/14/2025 6:47,3/14/2025 9:37,0,303,200,0,0,0,0,279,
1035,25030104,2,180,1,1,1,1,3/14/2025 6:47,3/14/2025 8:17,0,713,200,0,0,0,0,688,
141,25020285,3,33,1,1,1,1,2/15/2025 19:24,2/15/2025 20:56,0,943,"5,050",0,0,0,0,606,
960,25030178,3,173,1,1,1,1,3/12/2025 7:39,3/12/2025 10:33,0,523,2100,8,3,13,4,510,
906,25020371,5,165,1,1,1,1,3/10/2025 20:09,3/10/2025 22:18,0,956,75,0,0,0,0,946,
907,25020371,5,165,1,1,1,1,3/10/2025 20:09,3/10/2025 22:10,0,"1,159",75,0,0,0,0,"1,152",
1597,25030661,5,299,1,1,1,1,3/25/2025 21:42,3/25/2025 23:16,0,315,550,0,0,0,0,270,
1598,25030661,5,299,1,1,1,1,3/25/2025 21:42,3/25/2025 23:54,0,383,550,0,0,0,0,341,
736,25030005,3,134,1,1,1,1,3/6/2025 12:30,3/6/2025 15:19,1,431,60,0,0,3,0,413,
679,25020330,5,122,1,1,1,1,3/5/2025 10:00,3/5/2025 11:07,1,70,50,1,1,1,0,66,
1376,25030387,2,179,1,1,1,1,3/20/2025 17:51,3/20/2025 20:27,2,"1,548",8650,5,2,12,12,1476,
735,25030005,3,134,1,1,1,1,3/6/2025 12:30,3/6/2025 14:51,2,92,60,0,0,3,0,74,
678,25020330,5,122,1,1,1,1,3/5/2025 10:00,3/5/2025 11:46,2,489,50,1,1,1,0,485,
412,25020233,2,86,1,1,1,1,2/24/2025 21:51,2/24/2025 23:21,3,939,45,2,1,3,0,936,
413,25020233,2,86,1,1,1,1,2/24/2025 21:51,2/24/2025 23:41,3,1550,45,2,1,3,0,1547,
734,25030005,3,133,1,1,1,1,3/6/2025 12:29,3/6/2025 13:49,3,431,60,3,1,3,0,422,
876,25030173,3,159,1,1,1,1,3/10/2025 9:41,3/10/2025 12:16,3,900,920,3,4,6,3,893,
1190,25030193,3,166,1,1,1,1,3/17/2025 20:45,3/17/2025 22:28,3,1266,60,0,0,0,0,1263,
1191,25030193,3,166,1,1,1,1,3/17/2025 20:45,3/17/2025 23:22,3,1393,60,0,0,0,0,1390,
1732,25030269,3,332,1,1,1,1,3/27/2025 21:04,3/27/2025 23:26,3,395,50,3,0,4,0,384,
733,25030005,3,133,1,1,1,1,3/6/2025 12:29,3/6/2025 15:02,4,92,60,3,1,3,0,83,
1620,25030245,3,307,1,1,1,1,3/26/2025 7:07,3/26/2025 9:49,4,284,60,0,0,0,0,280,
1629,25030023,3,147,1,1,1,1,3/26/2025 12:03,3/26/2025 14:14,4,405,80,3,1,5,0,392,
1731,25030269,3,332,1,1,1,1,3/27/2025 21:04,3/27/2025 22:28,4,496,50,3,0,4,0,484,
1232,25030274,3,12,1,1,1,1,3/18/2025 13:37,3/18/2025 16:31,5,368,2450,2,1,6,3,173,
1621,25030245,3,307,1,1,1,1,3/26/2025 7:07,3/26/2025 9:00,5,194,60,0,0,0,0,189,
1628,25030023,3,147,1,1,1,1,3/26/2025 12:03,3/26/2025 13:34,5,178,80,3,1,5,0,163,
1703,25030779,3,322,1,1,1,1,3/27/2025 10:00,3/27/2025 11:19,5,663,910,0,0,0,0,658,
1727,25030808,3,331,1,1,1,1,3/27/2025 18:40,3/27/2025 20:42,5,5,1700,5,2,12,5,0,
1857,25030301,5,347,1,1,1,1,3/31/2025 9:33,3/31/2025 11:25,5,631,80,6,1,4,0,604,
1104,25030152,6,195,1,1,1,1,3/15/2025 12:12,3/15/2025 14:36,5,747,60,0,0,0,0,742,
379,25020235,3,78,1,1,1,1,2/24/2025 9:19,2/24/2025 10:23,6,342,60,1,0,5,0,331,
1405,25030615,3,261,1,1,1,1,3/21/2025 9:07,3/21/2025 11:26,6,83,1000,3,1,5,4,0,
1504,25030022,3,142,1,1,1,1,3/22/2025 17:44,3/22/2025 20:39,6,716,500,3,2,9,0,677,
1144,25030016,5,204,1,1,1,1,3/17/2025 13:42,3/17/2025 16:08,6,907,50,0,0,0,0,633,
1148,25030017,5,37,1,1,1,1,3/17/2025 13:47,3/17/2025 16:34,6,291,50,0,0,0,0,275,
1856,25030301,5,347,1,1,1,1,3/31/2025 9:33,3/31/2025 10:39,6,60,80,6,1,4,0,29,
1861,25030301,5,349,1,1,1,1,3/31/2025 9:41,3/31/2025 12:32,6,954,80,6,1,8,0,924,
1103,25030152,6,195,1,1,1,1,3/15/2025 12:12,3/15/2025 13:46,6,279,60,0,0,0,0,273,
51,25020212,3,8,1,1,1,1,2/13/2025 20:51,2/13/2025 22:08,7,211,100,3,1,3,0,203,
53,25020212,3,9,1,1,1,1,2/13/2025 20:58,2/13/2025 22:22,7,206,100,3,1,3,0,195,
378,25020235,3,78,1,1,1,1,2/24/2025 9:19,2/24/2025 11:50,7,149,60,1,0,5,0,136,
741,25030005,3,136,1,1,1,1,3/6/2025 13:17,3/6/2025 14:55,7,210,60,3,1,4,0,201,
905,25020370,5,164,1,1,1,1,3/10/2025 20:00,3/10/2025 21:17,7,"1,166",75,0,0,0,0,"1,159",
1143,25030016,5,204,1,1,1,1,3/17/2025 13:42,3/17/2025 15:28,7,545,50,0,0,0,0,249,
1147,25030017,5,37,1,1,1,1,3/17/2025 13:47,3/17/2025 14:56,7,284,50,0,0,0,0,265,
50,25020212,3,8,1,1,1,1,2/13/2025 20:51,2/13/2025 22:51,8,469,100,3,1,3,0,465,
52,25020212,3,9,1,1,1,1,2/13/2025 20:58,2/13/2025 22:29,8,464,100,3,1,3,0,461,
790,25030013,3,141,1,1,1,1,3/6/2025 16:07,3/6/2025 18:17,8,1124,70,3,1,8,0,1121,
874,25030062,3,158,1,1,1,1,3/10/2025 9:05,3/10/2025 10:10,8,308,100,3,0,6,0,295,
1503,25030022,3,142,1,1,1,1,3/22/2025 17:44,3/22/2025 18:58,8,1200,500,3,2,9,0,1151,
740,25030005,3,136,1,1,1,1,3/6/2025 13:17,3/6/2025 15:35,9,162,60,3,1,4,0,153,
788,25030016,3,140,1,1,1,1,3/6/2025 16:07,3/6/2025 17:20,9,455,200,0,0,0,0,464,
1163,25030014,3,135,1,1,1,1,3/17/2025 15:00,3/17/2025 16:11,9,826,85,4,2,4,0,805,
903,25020370,5,164,1,1,1,1,3/10/2025 20:00,3/10/2025 22:29,9,966,75,0,0,0,0,956,
1601,25030697,5,300,1,1,1,1,3/25/2025 21:48,3/25/2025 23:05,9,507,2100,11,1,11,3,488,
1858,25030858,5,348,1,1,1,1,3/31/2025 9:37,3/31/2025 11:14,9,448,1100,6,1,11,0,329,
1859,25030858,5,348,1,1,1,1,3/31/2025 9:37,3/31/2025 12:12,9,326,1100,6,1,11,0,209,
1860,25030301,5,349,1,1,1,1,3/31/2025 9:41,3/31/2025 12:07,9,711,80,6,1,8,0,682,
1033,25030103,2,180,1,1,1,1,3/14/2025 6:39,3/14/2025 8:32,10,719,45,5,1,7,0,713,
304,25020008,3,70,1,1,1,1,2/20/2025 14:41,2/20/2025 16:32,10,264,100,2,1,4,0,234,
789,25030013,3,141,1,1,1,1,3/6/2025 16:07,3/6/2025 18:09,10,67,70,3,1,8,0,64,
873,25030062,3,158,1,1,1,1,3/10/2025 9:05,3/10/2025 10:21,10,162,100,3,0,6,0,149,
936,25030007,3,127,1,1,1,1,3/11/2025 19:25,3/11/2025 21:51,10,980,100,4,1,5,0,966,
1811,25030892,3,341,1,1,1,1,3/29/2025 16:45,3/29/2025 18:01,10,10,1700,2,1,6,6,0,
674,25030006,5,121,1,1,1,1,3/5/2025 9:52,3/5/2025 11:19,10,419,50,10,1,3,0,394,
1146,25030016,5,38,1,1,1,1,3/17/2025 13:45,3/17/2025 15:23,10,299,50,3,2,4,0,293,
68,25020164,3,17,1,1,1,1,2/13/2025 21:17,2/13/2025 22:19,11,682,220,0,0,0,0,651,
303,25020008,3,70,1,1,1,1,2/20/2025 14:41,2/20/2025 15:46,11,36,100,2,1,4,0,0,
787,25030016,3,140,1,1,1,1,3/6/2025 16:07,3/6/2025 18:47,11,233,200,0,0,0,0,207,
824,25030006,3,66,1,1,1,1,3/8/2025 12:42,3/8/2025 15:11,11,407,100,0,0,2,0,393,
1162,25030014,3,135,1,1,1,1,3/17/2025 15:00,3/17/2025 16:00,11,772,85,4,2,4,0,745,
1032,25030103,2,180,1,1,1,1,3/14/2025 6:39,3/14/2025 8:48,12,309,45,5,1,7,0,303,
669,25020702,3,119,1,1,1,1,3/5/2025 9:09,3/5/2025 11:43,12,670,250,0,0,0,0,649,
670,25020702,3,119,1,1,1,1,3/5/2025 9:09,3/5/2025 10:13,12,401,250,0,0,0,0,381,
825,25030006,3,66,1,1,1,1,3/8/2025 12:42,3/8/2025 14:47,12,143,100,0,0,2,0,131,
935,25030007,3,127,1,1,1,1,3/11/2025 19:25,3/11/2025 21:44,12,752,100,4,1,5,0,736,
938,25030081,3,166,1,1,1,1,3/11/2025 19:35,3/11/2025 22:21,12,45,200,3,0,4,0,31,
1752,25030719,3,325,1,1,1,1,3/27/2025 14:08,3/27/2025 16:13,12,663,100,0,0,0,0,404,
1145,25030016,5,38,1,1,1,1,3/17/2025 13:45,3/17/2025 16:07,12,293,50,3,2,4,0,284,
1571,25030765,3,294,1,1,1,1,3/25/2025 12:58,3/25/2025 15:53,13,13,1480,0,0,5,0,0,
23,25020077,3,7,1,1,1,1,2/12/2025 17:35,2/12/2025 18:39,14,286,150,3,1,5,0,206,
62,25020162,3,14,1,1,1,1,2/13/2025 21:03,2/13/2025 23:12,14,828,300,3,1,3,0,806,
228,25020170,3,53,1,1,1,1,2/18/2025 19:38,2/18/2025 22:13,14,768,80,5,1,10,0,723,
229,25020170,3,53,1,1,1,1,2/18/2025 19:38,2/18/2025 21:39,14,930,80,5,1,10,0,899,
1089,25030318,3,191,1,1,1,1,3/15/2025 7:20,3/15/2025 9:59,14,"1,072",210,4,1,8,0,1050,
1469,25030069,3,283,1,1,1,1,3/21/2025 20:47,3/21/2025 23:10,14,397,180,3,1,10,0,376,
1506,25030069,3,285,1,1,1,1,3/22/2025 17:46,3/22/2025 18:57,14,376,180,3,2,9,0,354,
1751,25030719,3,325,1,1,1,1,3/27/2025 14:08,3/27/2025 16:36,14,59,100,0,0,0,0,0,
97,25020217,5,23,1,1,1,1,2/14/2025 17:50,2/14/2025 20:26,14,407,150,0,0,0,0,0,
673,25030006,5,121,1,1,1,1,3/5/2025 9:52,3/5/2025 11:11,14,191,50,10,1,3,0,162,
1613,25030565,5,304,1,1,1,1,3/25/2025 22:04,3/25/2025 23:10,14,226,163,6,1,7,0,201,
67,25020164,3,17,1,1,1,1,2/13/2025 21:17,2/13/2025 23:39,15,843,220,0,0,0,0,775,
667,25020702,3,118,1,1,1,1,3/5/2025 9:04,3/5/2025 10:28,15,691,250,3,1,7,0,670,
836,25030004,3,48,1,1,1,1,3/8/2025 15:08,3/8/2025 17:57,15,681,250,4,0,4,0,659,
937,25030081,3,166,1,1,1,1,3/11/2025 19:35,3/11/2025 20:44,15,630,200,3,0,4,0,613,
1422,25030225,3,269,1,1,1,1,3/21/2025 13:18,3/21/2025 14:31,15,648,200,3,1,5,0,621,
1617,25030559,3,305,1,1,1,1,3/26/2025 7:00,3/26/2025 9:50,15,104,250,3,1,5,0,89,
1100,25030094,6,193,1,1,1,1,3/15/2025 12:01,3/15/2025 13:50,15,346,80,10,1,5,0,331,
22,25020077,3,7,1,1,1,1,2/12/2025 17:35,2/12/2025 18:47,16,616,150,3,1,5,0,531,
61,25020162,3,14,1,1,1,1,2/13/2025 21:03,2/13/2025 23:15,16,303,300,3,1,3,0,280,
66,25020163,3,16,1,1,1,1,2/13/2025 21:14,2/13/2025 23:26,16,682,220,4,1,5,0,666,
692,25020680,3,128,1,1,1,1,3/5/2025 13:45,3/5/2025 16:11,16,420,290,4,1,5,0,397,
835,25030004,3,48,1,1,1,1,3/8/2025 15:08,3/8/2025 16:31,16,86,250,4,0,4,0,65,
1088,25030319,3,191,1,1,1,1,3/15/2025 7:17,3/15/2025 8:28,16,1097,260,4,2,8,0,266,
1090,25030318,3,191,1,1,1,1,3/15/2025 7:20,3/15/2025 8:21,16,266,210,4,1,8,0,246,
1468,25030069,3,283,1,1,1,1,3/21/2025 20:47,3/21/2025 22:09,16,267,180,3,1,10,0,244,
1505,25030069,3,285,1,1,1,1,3/22/2025 17:46,3/22/2025 19:06,16,244,180,3,2,9,0,220,
1769,25030907,3,191,1,1,1,1,3/28/2025 21:27,3/28/2025 22:31,16,495,260,3,1,7,0,479,
211,25020225,3,7,1,1,1,1,2/18/2025 13:34,2/18/2025 14:42,17,531,300,0,1,0,0,481,
231,25020171,3,54,1,1,1,1,2/18/2025 20:03,2/18/2025 21:49,17,1126,80,6,0,15,0,1106,
668,25020702,3,118,1,1,1,1,3/5/2025 9:04,3/5/2025 11:22,17,422,250,3,1,7,0,401,
691,25020680,3,128,1,1,1,1,3/5/2025 13:45,3/5/2025 16:32,17,191,290,4,1,5,0,169,
1616,25030559,3,305,1,1,1,1,3/26/2025 7:00,3/26/2025 8:41,17,438,250,3,1,5,0,421,
96,25020217,5,23,1,1,1,1,2/14/2025 17:50,2/14/2025 20:36,17,982,150,0,0,0,0,0,
1615,25030026,5,201,1,1,1,1,3/25/2025 22:06,3/26/2025 0:01,17,633,80,7,1,8,0,592,
969,25030182,3,177,1,1,1,1,3/12/2025 10:20,3/12/2025 12:49,18,647,2100,0,0,0,2,604,
1384,25030525,3,257,1,1,1,1,3/20/2025 21:26,3/20/2025 23:56,18,"1,106",1050,3,0,10,10,1079,
1407,25030575,3,262,1,1,1,1,3/21/2025 9:24,3/21/2025 12:15,18,32,250,3,0,5,3,0,
1473,25030672,3,191,1,1,1,1,3/21/2025 21:43,3/21/2025 23:47,18,246,260,4,2,10,0,224,
1421,25030225,3,269,1,1,1,1,3/21/2025 13:18,3/21/2025 14:42,19,165,200,3,1,5,0,136,
1768,25030907,3,191,1,1,1,1,3/28/2025 21:27,3/29/2025 0:03,19,581,260,3,1,7,0,562,
1612,25030565,5,304,1,1,1,1,3/25/2025 22:04,3/25/2025 23:04,19,477,163,6,1,7,0,443,
1099,25030094,6,193,1,1,1,1,3/15/2025 12:01,3/15/2025 13:57,19,203,80,10,1,5,0,184,
65,25020163,3,16,1,1,1,1,2/13/2025 21:14,2/14/2025 0:06,20,813,220,4,1,5,0,794,
786,25030015,3,140,1,1,1,1,3/6/2025 16:07,3/6/2025 18:56,20,464,200,4,1,20,0,455,
1066,25030227,3,184,1,1,1,1,3/14/2025 17:50,3/14/2025 20:02,20,94,950,0,0,3,3,648,
1730,25030280,3,269,1,1,1,1,3/27/2025 20:54,3/27/2025 23:16,20,621,200,6,1,12,0,593,
230,25020171,3,54,1,1,1,1,2/18/2025 20:03,2/18/2025 22:22,21,925,80,6,0,15,0,902,
881,25030174,3,161,1,1,1,1,3/10/2025 12:09,3/10/2025 15:03,21,251,490,3,0,5,0,229,
1199,25030340,3,213,1,1,1,1,3/18/2025 6:05,3/18/2025 7:05,21,413,260,2,1,3,0,389,
1406,25030575,3,262,1,1,1,1,3/21/2025 9:24,3/21/2025 12:10,21,369,250,3,0,5,3,337,
1614,25030026,5,201,1,1,1,1,3/25/2025 22:06,3/25/2025 23:06,21,491,80,7,1,8,0,441,
1102,25030093,6,194,1,1,1,1,3/15/2025 12:07,3/15/2025 13:11,21,331,80,0,0,0,0,310,
205,25020225,3,7,1,1,1,1,2/18/2025 13:16,2/18/2025 15:10,22,149,300,0,0,1,0,120,
1087,25030319,3,191,1,1,1,1,3/15/2025 7:17,3/15/2025 8:40,22,288,260,4,2,8,0,"1,072",
1472,25030672,3,191,1,1,1,1,3/21/2025 21:43,3/22/2025 0:37,22,932,260,4,2,10,0,905,
1809,25030892,3,341,1,1,1,1,3/29/2025 16:45,3/29/2025 17:47,22,22,1700,2,1,6,6,0,
1101,25030093,6,194,1,1,1,1,3/15/2025 12:07,3/15/2025 13:21,22,184,80,0,0,0,0,162,
64,25020162,3,15,1,1,1,1,2/13/2025 21:10,2/13/2025 22:50,23,313,320,4,1,4,0,286,
1198,25030340,3,213,1,1,1,1,3/18/2025 6:05,3/18/2025 8:24,23,394,260,2,1,3,0,369,
1653,25030791,3,310,1,1,1,1,3/26/2025 14:36,3/26/2025 17:23,23,643,900,0,0,0,6,620,
203,25020225,3,6,1,1,1,1,2/18/2025 13:13,2/18/2025 14:23,24,178,300,3,1,3,0,149,
204,25020225,3,7,1,1,1,1,2/18/2025 13:16,2/18/2025 14:22,24,874,300,0,0,1,0,854,
880,25030174,3,161,1,1,1,1,3/10/2025 12:09,3/10/2025 14:15,24,677,490,3,0,5,0,653,
1619,25030560,3,306,1,1,1,1,3/26/2025 7:03,3/26/2025 8:49,24,89,550,0,0,0,0,61,
1729,25030280,3,269,1,1,1,1,3/27/2025 20:54,3/27/2025 22:02,24,528,200,6,1,12,0,495,
27,25020078,3,9,1,1,1,1,2/12/2025 17:42,2/12/2025 20:24,25,267,530,2,1,3,0,211,
785,25030015,3,140,1,1,1,1,3/6/2025 16:07,3/6/2025 17:59,25,244,200,4,1,20,0,233,
25,25020078,3,8,1,1,1,1,2/12/2025 17:38,2/12/2025 20:32,26,267,530,3,2,5,0,211,
26,25020078,3,9,1,1,1,1,2/12/2025 17:42,2/12/2025 20:24,26,320,530,2,1,3,0,260,
1618,25030560,3,306,1,1,1,1,3/26/2025 7:03,3/26/2025 9:20,26,421,550,0,0,0,0,391,
1716,25030770,3,328,1,1,1,1,3/27/2025 16:39,3/27/2025 18:47,26,662,910,2,2,8,3,615,
63,25020162,3,15,1,1,1,1,2/13/2025 21:10,2/13/2025 23:52,27,843,320,4,1,4,0,813,
202,25020225,3,6,1,1,1,1,2/18/2025 13:13,2/18/2025 16:04,27,874,300,3,1,3,0,834,
1887,25030490,2,179,1,1,1,1,4/1/2025 4:47,4/1/2025 7:21,28,1559,11600,0,0,0,4,1471,
210,25020225,3,7,1,1,1,1,2/18/2025 13:34,2/18/2025 14:45,28,206,300,0,1,0,0,120,
600,25020751,3,103,1,1,1,1,3/3/2025 16:28,3/3/2025 17:29,28,447,490,0,0,0,0,419,
88,25020213,5,19,1,1,1,1,2/14/2025 16:24,2/14/2025 17:55,28,982,150,6,2,40,0,0,
24,25020078,3,8,1,1,1,1,2/12/2025 17:38,2/12/2025 19:29,29,320,530,3,2,5,0,260,
207,25020240,3,47,1,1,1,1,2/18/2025 13:24,2/18/2025 16:10,29,630,550,3,1,3,0,590,
591,25020697,3,100,1,1,1,1,3/3/2025 13:37,3/3/2025 16:12,29,544,"6,100",3,2,6,0,508,
1060,25030226,3,183,1,1,1,1,3/14/2025 17:20,3/14/2025 19:40,29,27,950,0,0,2,6,0,
1175,25030248,3,210,1,1,1,1,3/17/2025 17:35,3/17/2025 19:21,29,71,450,4,1,13,0,43,
682,25020679,3,123,1,1,1,1,3/5/2025 10:30,3/5/2025 12:44,30,493,4070,3,1,9,3,454,
201,25020293,3,46,1,1,1,1,2/18/2025 13:09,2/18/2025 16:01,31,206,510,4,1,6,0,175,
599,25020751,3,103,1,1,1,1,3/3/2025 16:28,3/3/2025 19:11,31,793,490,0,0,0,0,762,
347,25020263,3,55,1,1,1,1,2/22/2025 7:36,2/22/2025 9:10,32,1224,"2,080",4,0,8,0,1170,
1174,25030248,3,210,1,1,1,1,3/17/2025 17:35,3/17/2025 20:00,33,713,450,4,1,13,0,677,
1177,25030247,3,47,1,1,1,1,3/17/2025 17:52,3/17/2025 20:19,33,1053,500,4,0,8,0,1006,
1026,25030210,5,110,1,1,1,1,3/13/2025 19:26,3/13/2025 20:52,33,188,15750,11,3,21,11,165,
200,25020293,3,46,1,1,1,1,2/18/2025 13:09,2/18/2025 16:04,34,117,510,4,1,6,0,74,
1292,25030274,3,12,1,1,1,1,3/19/2025 17:48,3/19/2025 19:10,34,705,2650,3,1,9,3,658,
89,25020213,5,19,1,1,1,1,2/14/2025 16:24,2/14/2025 17:52,34,407,150,6,2,40,0,0,
1802,25030773,5,337,1,1,1,1,3/29/2025 13:51,3/29/2025 16:28,34,252,520,0,0,0,0,212,
879,25030099,3,160,1,1,1,1,3/10/2025 12:04,3/10/2025 13:34,36,243,530,3,0,5,0,204,
1650,25030791,3,310,1,1,1,1,3/26/2025 14:36,3/26/2025 17:28,36,36,900,0,0,0,6,0,
1767,25030853,3,262,1,1,1,1,3/28/2025 21:24,3/28/2025 23:52,36,201,570,3,1,7,0,166,
686,25030016,5,125,1,1,1,1,3/5/2025 10:54,3/5/2025 12:18,36,812,530,2,1,2,0,771,
1176,25030247,3,47,1,1,1,1,3/17/2025 17:52,3/17/2025 19:23,37,175,500,4,0,8,0,130,
1381,25030525,3,257,1,1,1,1,3/20/2025 21:26,3/21/2025 0:11,37,23,1050,3,0,10,10,0,
878,25030099,3,160,1,1,1,1,3/10/2025 12:04,3/10/2025 14:05,38,788,530,3,0,5,0,747,
1596,25030661,5,298,1,1,1,1,3/25/2025 21:34,3/26/2025 0:06,38,421,550,4,1,6,0,341,
1586,25030300,2,295,1,1,1,1,3/25/2025 15:21,3/25/2025 16:54,39,392,5800,3,2,5,3,343,
1766,25030853,3,262,1,1,1,1,3/28/2025 21:24,3/28/2025 23:48,39,337,570,3,1,7,0,300,
684,25030016,5,124,1,1,1,1,3/5/2025 10:44,3/5/2025 11:59,39,853,530,6,2,4,0,812,
402,25020453,2,83,1,1,1,1,2/24/2025 16:32,2/24/2025 18:09,40,1765,"15,150",4,2,15,0,1725,
496,25020407,2,1,1,1,1,1,2/27/2025 21:44,2/27/2025 23:08,40,1488,"21,000",6,4,17,24,1448,
222,25020321,3,50,1,1,1,1,2/18/2025 16:27,2/18/2025 18:04,40,916,750,3,1,6,0,870,
654,25020774,3,115,1,1,1,1,3/4/2025 17:12,3/4/2025 19:13,40,1126,1000,0,0,0,0,1082,
688,25030013,3,126,1,1,1,1,3/5/2025 11:46,3/5/2025 14:08,40,1011,610,4,1,8,0,971,
1801,25030773,5,337,1,1,1,1,3/29/2025 13:51,3/29/2025 15:27,40,111,520,0,0,0,0,71,
1132,25030338,2,13,1,1,1,1,3/17/2025 8:34,3/17/2025 11:29,41,1347,11100,7,1,11,9,1297,
223,25020321,3,50,1,1,1,1,2/18/2025 16:27,2/18/2025 18:53,41,767,750,3,1,6,0,719,
1204,25030346,5,195,1,1,1,1,3/18/2025 6:31,3/18/2025 9:07,41,701,2000,2,1,3,0,645,
893,25020831,5,94,1,1,1,1,3/10/2025 13:48,3/10/2025 15:26,42,39,400,0,0,0,0,0,
642,25020809,3,112,1,1,1,1,3/4/2025 15:21,3/4/2025 18:10,43,944,1750,3,1,10,4,904,
653,25020774,3,115,1,1,1,1,3/4/2025 17:12,3/4/2025 19:50,43,210,1000,0,0,0,0,168,
685,25030016,5,125,1,1,1,1,3/5/2025 10:54,3/5/2025 12:46,43,142,530,2,1,2,0,104,
827,25030072,3,145,1,1,1,1,3/8/2025 13:39,3/8/2025 15:51,44,1115,2170,4,4,20,4,1065,
1631,25030772,3,308,1,1,1,1,3/26/2025 12:51,3/26/2025 15:25,44,529,800,3,1,6,0,482,
206,25020240,3,47,1,1,1,1,2/18/2025 13:24,2/18/2025 14:53,45,874,550,3,1,3,0,834,
373,25020531,3,75,1,1,1,1,2/24/2025 8:04,2/24/2025 9:57,45,315,780,4,0,7,0,253,
1168,25030339,3,208,1,1,1,1,3/17/2025 15:31,3/17/2025 18:06,45,125,1030,0,0,0,3,71,
1832,25030889,3,344,1,1,1,1,3/29/2025 20:02,3/29/2025 22:03,45,1172,617,0,0,21,0,1097,
257,25020239,5,61,1,1,1,1,2/19/2025 13:34,2/19/2025 15:41,45,554,500,5,1,3,0,507,
1595,25030661,5,298,1,1,1,1,3/25/2025 21:34,3/26/2025 0:09,45,360,550,4,1,6,0,270,
21,25020077,3,6,1,1,1,1,2/12/2025 17:32,2/12/2025 19:11,46,286,600,3,1,5,0,206,
1170,25030268,3,209,1,1,1,1,3/17/2025 16:23,3/17/2025 19:18,46,1008,3070,4,1,12,3,947,
1564,25030763,3,291,1,1,1,1,3/25/2025 11:46,3/25/2025 13:35,46,104,770,0,0,0,2,49,
1695,25030775,3,320,1,1,1,1,3/27/2025 9:03,3/27/2025 10:41,46,46,910,2,0,3,3,0,
256,25020239,5,61,1,1,1,1,2/19/2025 13:34,2/19/2025 15:02,46,524,500,5,1,3,0,474,
1445,25030605,5,274,1,1,1,1,3/21/2025 17:26,3/21/2025 19:47,46,1293,450,5,2,7,0,"1,252",
1303,25020830,2,179,1,1,1,1,3/19/2025 19:20,3/19/2025 22:10,47,1548,31700,10,2,25,30,"1,420",
877,25030173,3,159,1,1,1,1,3/10/2025 9:41,3/10/2025 11:01,47,406,920,3,4,6,3,366,
1630,25030772,3,308,1,1,1,1,3/26/2025 12:51,3/26/2025 15:07,47,613,800,3,1,6,0,562,
683,25030016,5,124,1,1,1,1,3/5/2025 10:44,3/5/2025 13:39,47,199,530,6,2,4,0,142,
376,25020324,3,77,1,1,1,1,2/24/2025 8:49,2/24/2025 11:09,48,458,520,2,0,4,0,338,
20,25020077,3,6,1,1,1,1,2/12/2025 17:32,2/12/2025 19:46,49,616,600,3,1,5,0,531,
1165,25030339,3,207,1,1,1,1,3/17/2025 15:20,3/17/2025 17:27,49,169,1030,3,2,7,0,125,
1166,25030339,3,208,1,1,1,1,3/17/2025 15:31,3/17/2025 17:14,49,49,1030,0,0,0,3,0,
1217,25030277,3,219,1,1,1,1,3/18/2025 9:46,3/18/2025 12:00,49,99,1100,3,0,6,0,47,
1664,25030684,3,314,1,1,1,1,3/26/2025 19:37,3/26/2025 21:21,49,49,4000,3,0,4,3,0,
1830,25030888,3,344,1,1,1,1,3/29/2025 19:56,3/29/2025 22:17,49,1221,617,8,2,21,0,1172,
1449,25030607,5,274,1,1,1,1,3/21/2025 17:31,3/21/2025 18:52,49,"1,115",550,0,0,0,0,1066,
875,25030173,3,159,1,1,1,1,3/10/2025 9:41,3/10/2025 11:32,50,50,920,3,4,6,3,0,
1061,25030226,3,183,1,1,1,1,3/14/2025 17:20,3/14/2025 18:32,50,50,950,0,0,2,6,0,
1382,25030525,3,257,1,1,1,1,3/20/2025 21:26,3/21/2025 0:07,50,"1,214",1050,3,0,10,10,1154,
1562,25030762,3,291,1,1,1,1,3/25/2025 10:56,3/25/2025 12:24,50,154,770,4,1,5,0,104,
507,25020603,6,92,1,1,1,1,2/28/2025 13:31,2/28/2025 16:16,50,850,"4,100",6,1,18,3,757,
377,25020324,3,77,1,1,1,1,2/24/2025 8:49,2/24/2025 11:36,51,427,520,2,0,4,0,299,
792,25030108,3,141,1,1,1,1,3/6/2025 16:07,3/6/2025 18:48,51,1121,1100,0,0,0,3,1065,
687,25030013,3,126,1,1,1,1,3/5/2025 11:46,3/5/2025 13:48,52,540,610,4,1,8,0,486,
1164,25030339,3,207,1,1,1,1,3/17/2025 15:20,3/17/2025 17:08,52,94,1030,3,2,7,0,49,
1800,25030773,5,336,1,1,1,1,3/29/2025 13:49,3/29/2025 16:10,52,304,520,21,2,20,0,252,
371,25020421,3,74,1,1,1,1,2/24/2025 7:29,2/24/2025 10:01,53,912,"1,300",3,0,11,0,853,
732,25030022,3,9,1,1,1,1,3/6/2025 12:25,3/6/2025 14:58,53,195,1230,0,0,4,0,83,
1178,25030298,3,211,1,1,1,1,3/17/2025 19:05,3/17/2025 20:53,53,870,1000,5,0,8,0,816,
1186,25030298,3,211,1,1,1,1,3/17/2025 19:41,3/17/2025 20:50,53,870,1000,5,0,8,0,816,
1062,25030226,3,183,1,1,1,1,3/14/2025 17:20,3/14/2025 18:54,54,737,950,0,0,2,6,677,
1179,25030298,3,211,1,1,1,1,3/17/2025 19:05,3/17/2025 20:17,54,688,1000,5,0,8,0,632,
1187,25030298,3,211,1,1,1,1,3/17/2025 19:41,3/17/2025 22:26,54,688,1000,5,0,8,0,632,
1635,25030790,3,7,1,1,1,1,3/26/2025 13:28,3/26/2025 15:08,54,1018,770,0,0,0,0,905,
504,25020492,6,82,1,1,1,1,2/28/2025 9:18,2/28/2025 11:47,54,866,"4,800",7,2,20,6,824,
791,25030108,3,141,1,1,1,1,3/6/2025 16:07,3/6/2025 18:29,55,64,1100,0,0,0,3,0,
1383,25030525,3,257,1,1,1,1,3/20/2025 21:26,3/20/2025 22:47,55,43,1050,3,0,10,10,0,
1513,25030663,2,35,1,1,1,1,3/22/2025 18:43,3/22/2025 20:35,56,858,900,4,1,10,0,817,
724,25030024,3,132,1,1,1,1,3/6/2025 12:05,3/6/2025 14:29,56,597,757,3,1,1,0,519,
730,25030022,3,8,1,1,1,1,3/6/2025 12:22,3/6/2025 15:05,56,195,1230,4,1,5,0,139,
731,25030022,3,9,1,1,1,1,3/6/2025 12:25,3/6/2025 13:27,56,455,1230,0,0,4,0,332,
1419,25030442,3,268,1,1,1,1,3/21/2025 13:07,3/21/2025 14:19,56,266,900,2,0,4,3,183,
1634,25030790,3,7,1,1,1,1,3/26/2025 13:28,3/26/2025 16:12,56,118,770,0,0,0,0,0,
1444,25030605,5,274,1,1,1,1,3/21/2025 17:26,3/21/2025 20:06,56,1114,450,5,2,7,0,"1,065",
370,25020421,3,74,1,1,1,1,2/24/2025 7:29,2/24/2025 10:07,57,830,"1,300",3,0,11,0,772,
694,25030018,3,129,1,1,1,1,3/5/2025 13:49,3/5/2025 16:04,57,1018,2100,4,1,5,3,959,
855,25030148,3,153,1,1,1,1,3/8/2025 21:31,3/8/2025 22:53,57,519,1186,3,0,5,0,455,
574,25020567,5,96,1,1,1,1,3/3/2025 9:01,3/3/2025 10:44,57,1784,"20,200",34,4,49,11,1578,
892,25020831,5,94,1,1,1,1,3/10/2025 13:48,3/10/2025 16:14,57,"1,099",400,0,0,0,0,1048,
1216,25030277,3,219,1,1,1,1,3/18/2025 9:46,3/18/2025 11:40,58,484,1100,3,0,6,0,426,
1831,25030889,3,344,1,1,1,1,3/29/2025 20:02,3/29/2025 21:30,58,650,617,0,0,21,0,555,
1448,25030607,5,274,1,1,1,1,3/21/2025 17:31,3/21/2025 18:48,58,902,550,0,0,0,0,842,
1643,25030390,2,179,1,1,1,1,3/26/2025 13:41,3/26/2025 16:25,59,1282,46200,15,2,25,40,1223,
220,25020241,3,49,1,1,1,1,2/18/2025 15:55,2/18/2025 18:18,59,59,"2,600",3,1,10,0,0,
372,25020531,3,75,1,1,1,1,2/24/2025 8:04,2/24/2025 10:20,59,131,780,4,0,7,0,84,
728,25030024,3,132,1,1,1,1,3/6/2025 12:13,3/6/2025 14:54,59,597,757,4,1,9,0,519,
729,25030022,3,8,1,1,1,1,3/6/2025 12:22,3/6/2025 13:34,59,455,1230,4,1,5,0,399,
956,25020831,5,94,1,1,1,1,3/11/2025 21:56,3/12/2025 0:25,59,1652,31000,43,5,51,30,1497,
474,25020611,3,89,1,1,1,1,2/27/2025 10:05,2/27/2025 11:53,60,120,"1,070",4,0,7,3,0,
1215,25030304,3,218,1,1,1,1,3/18/2025 9:17,3/18/2025 11:22,60,161,1440,3,1,4,1,99,
1563,25030763,3,291,1,1,1,1,3/25/2025 11:46,3/25/2025 14:05,60,73,770,0,0,0,2,0,
1718,25030803,3,329,1,1,1,1,3/27/2025 17:21,3/27/2025 18:41,60,224,800,4,2,10,0,117,
1453,25030605,5,277,1,1,1,1,3/21/2025 17:38,3/21/2025 20:25,61,496,450,5,2,7,0,435,
596,25020752,3,102,1,1,1,1,3/3/2025 16:26,3/3/2025 19:06,62,62,"3,980",2,1,5,4,0,
91,25020214,5,20,1,1,1,1,2/14/2025 16:26,2/14/2025 18:15,62,407,650,0,0,0,0,0,
1370,25030482,6,253,1,1,1,1,3/20/2025 17:14,3/20/2025 19:26,62,"1,052",1500,0,0,0,3,938,
8,25010689,2,2,1,1,1,1,2/11/2025 17:45,2/11/2025 21:13,63,1384,"5,700",12,3,21,0,1322,
473,25020611,3,89,1,1,1,1,2/27/2025 10:05,2/27/2025 12:16,63,1109,"1,070",4,0,7,3,984,
1556,25030752,3,288,1,1,1,1,3/25/2025 9:34,3/25/2025 11:08,63,1298,817,5,2,10,0,1233,
1512,25030663,2,35,1,1,1,1,3/22/2025 18:43,3/22/2025 19:56,64,1273,900,4,1,10,0,1209,
1633,25030790,3,6,1,1,1,1,3/26/2025 12:58,3/26/2025 14:32,64,1082,770,6,2,15,0,1018,
1829,25030888,3,344,1,1,1,1,3/29/2025 19:56,3/29/2025 22:40,64,715,617,8,2,21,0,650,
9,25010689,2,2,1,1,1,1,2/11/2025 17:45,2/11/2025 21:13,65,65,"5,700",12,3,21,0,0,
374,25020332,3,76,1,1,1,1,2/24/2025 8:46,2/24/2025 11:38,65,458,720,2,0,4,0,338,
842,25030031,3,147,1,1,1,1,3/8/2025 17:08,3/8/2025 18:12,65,260,7630,4,2,18,4,178,
1296,25030406,3,231,1,1,1,1,3/19/2025 19:16,3/19/2025 21:05,65,699,1270,0,0,0,0,626,
1561,25030762,3,291,1,1,1,1,3/25/2025 10:56,3/25/2025 13:06,65,138,770,4,1,5,0,73,
1799,25030773,5,336,1,1,1,1,3/29/2025 13:49,3/29/2025 15:24,65,176,520,21,2,20,0,111,
1828,25030854,3,343,1,1,1,1,3/29/2025 19:52,3/29/2025 21:07,66,747,1570,4,1,5,0,681,
1863,25030858,5,350,1,1,1,1,3/31/2025 9:44,3/31/2025 11:53,66,494,1100,6,2,6,0,413,
1508,25030727,6,40,1,1,1,1,3/22/2025 17:53,3/22/2025 20:19,66,275,1000,8,2,8,0,148,
1108,25030337,2,13,1,1,1,1,3/15/2025 13:46,3/15/2025 16:22,67,1330,27100,13,2,40,30,1239,
1457,25030607,5,279,1,1,1,1,3/21/2025 17:42,3/21/2025 19:31,67,234,550,0,0,0,0,160,
1862,25030858,5,350,1,1,1,1,3/31/2025 9:44,3/31/2025 11:37,67,240,1100,6,2,6,0,161,
181,25020264,3,42,1,1,1,1,2/17/2025 20:13,2/17/2025 21:28,68,476,"1,500",1,0,2,0,399,
1214,25030304,3,218,1,1,1,1,3/18/2025 9:17,3/18/2025 10:56,68,77,1440,3,1,4,1,0,
1295,25030406,3,231,1,1,1,1,3/19/2025 19:16,3/19/2025 21:29,68,668,1270,0,0,0,0,594,
179,25020266,3,41,1,1,1,1,2/17/2025 20:06,2/17/2025 22:28,69,545,"1,500",1,0,3,0,476,
375,25020332,3,76,1,1,1,1,2/24/2025 8:46,2/24/2025 11:33,69,427,720,2,0,4,0,299,
476,25020612,3,90,1,1,1,1,2/27/2025 10:46,2/27/2025 12:48,69,543,"1,400",4,1,7,0,475,
1173,25030249,3,49,1,1,1,1,3/17/2025 17:00,3/17/2025 18:12,69,825,990,3,2,8,0,752,
1624,25030742,3,307,1,1,1,1,3/26/2025 11:42,3/26/2025 13:03,69,776,15200,4,2,24,10,642,
1632,25030790,3,6,1,1,1,1,3/26/2025 12:58,3/26/2025 14:02,69,187,770,6,2,15,0,118,
1717,25030803,3,329,1,1,1,1,3/27/2025 17:21,3/27/2025 18:44,69,921,800,4,2,10,0,861,
1229,25030272,3,91,1,1,1,1,3/18/2025 12:41,3/18/2025 14:27,70,779,3100,2,1,7,3,689,
1418,25030442,3,268,1,1,1,1,3/21/2025 13:07,3/21/2025 14:50,70,54,900,2,0,4,3,0,
1827,25030854,3,343,1,1,1,1,3/29/2025 19:52,3/29/2025 22:28,70,893,1570,4,1,5,0,809,
1657,25030757,3,312,1,1,1,1,3/26/2025 16:43,3/26/2025 19:14,71,341,1371,1,1,9,0,267,
101,25020219,5,25,1,1,1,1,2/14/2025 17:57,2/14/2025 20:18,71,407,750,0,0,0,0,0,
723,25030024,3,132,1,1,1,1,3/6/2025 12:05,3/6/2025 14:17,72,451,757,3,1,1,0,350,
1294,25030406,3,230,1,1,1,1,3/19/2025 19:02,3/19/2025 21:38,72,771,1270,5,2,10,0,699,
46,25020169,3,12,1,1,1,1,2/13/2025 13:55,2/13/2025 15:32,73,734,"1,000",4,0,7,0,623,
475,25020612,3,90,1,1,1,1,2/27/2025 10:46,2/27/2025 13:07,73,777,"1,400",4,1,7,0,705,
834,25030072,3,146,1,1,1,1,3/8/2025 14:48,3/8/2025 16:56,73,1341,529,3,1,9,0,1298,
1322,25030320,5,121,1,1,1,1,3/15/2025 8:58,3/15/2025 11:16,73,548,2900,9,2,11,0,467,
1362,25030479,6,249,1,1,1,1,3/20/2025 17:01,3/20/2025 18:30,73,419,600,11,1,15,0,354,
854,25030148,3,153,1,1,1,1,3/8/2025 21:31,3/9/2025 0:02,74,350,1186,3,0,5,0,267,
90,25020214,5,20,1,1,1,1,2/14/2025 16:26,2/14/2025 18:21,74,982,650,0,0,0,0,0,
1452,25030605,5,277,1,1,1,1,3/21/2025 17:38,3/21/2025 18:58,74,1385,450,5,2,7,0,1314,
1219,25030278,3,220,1,1,1,1,3/18/2025 10:21,3/18/2025 12:49,75,475,1100,3,1,4,0,395,
1466,25030699,3,282,1,1,1,1,3/21/2025 20:42,3/21/2025 23:14,75,1086,2500,0,0,0,3,998,
1656,25030757,3,312,1,1,1,1,3/26/2025 16:43,3/26/2025 19:27,75,450,1371,1,1,9,0,371,
180,25020264,3,42,1,1,1,1,2/17/2025 20:13,2/17/2025 22:21,76,869,"1,500",1,0,2,0,788,
1172,25030249,3,49,1,1,1,1,3/17/2025 17:00,3/17/2025 18:23,76,518,990,3,2,8,0,438,
178,25020266,3,41,1,1,1,1,2/17/2025 20:06,2/17/2025 22:50,77,946,"1,500",1,0,3,0,869,
727,25030024,3,132,1,1,1,1,3/6/2025 12:13,3/6/2025 13:35,77,451,757,4,1,9,0,350,
1293,25030406,3,230,1,1,1,1,3/19/2025 19:02,3/19/2025 20:10,77,745,1270,5,2,10,0,668,
1456,25030607,5,279,1,1,1,1,3/21/2025 17:42,3/21/2025 18:55,80,"1,080",550,0,0,0,0,994,
47,25020169,3,12,1,1,1,1,2/13/2025 13:55,2/13/2025 15:42,81,96,"1,000",4,0,7,0,0,
656,25020775,3,116,1,1,1,1,3/4/2025 17:53,3/4/2025 19:18,81,296,810,3,1,7,0,210,
1555,25030752,3,288,1,1,1,1,3/25/2025 9:34,3/25/2025 10:59,81,775,817,5,2,10,0,684,
1507,25030727,6,40,1,1,1,1,3/22/2025 17:53,3/22/2025 20:17,81,265,1000,8,2,8,0,116,
1218,25030278,3,220,1,1,1,1,3/18/2025 10:21,3/18/2025 12:52,82,584,1100,3,1,4,0,496,
1221,25030277,3,221,1,1,1,1,3/18/2025 10:53,3/18/2025 13:36,82,470,1100,3,1,6,0,381,
1696,25030775,3,320,1,1,1,1,3/27/2025 9:03,3/27/2025 11:19,82,633,910,2,0,3,3,553,
1652,25030791,3,310,1,1,1,1,3/26/2025 14:36,3/26/2025 16:09,84,84,900,0,0,0,6,0,
1309,25030427,3,234,1,1,1,1,3/19/2025 20:32,3/19/2025 22:49,86,254,1000,0,0,0,0,162,
1546,25030743,3,9,1,1,1,1,3/25/2025 7:51,3/25/2025 10:09,86,523,2030,0,0,0,3,394,
100,25020219,5,25,1,1,1,1,2/14/2025 17:57,2/14/2025 19:43,86,982,750,0,0,0,0,0,
2,25020074,2,1,1,1,1,1,2/11/2025 14:19,2/11/2025 16:35,87,166,"5,000",5,5,5,0,20,
1715,25030770,3,328,1,1,1,1,3/27/2025 16:39,3/27/2025 17:41,87,87,910,2,2,8,3,0,
1245,25030317,5,226,1,1,1,1,3/18/2025 16:23,3/18/2025 17:32,88,336,750,5,1,26,4,261,
1510,25030418,2,35,1,1,1,1,3/22/2025 18:38,3/22/2025 21:21,89,1359,6050,0,0,0,5,1273,
655,25020775,3,116,1,1,1,1,3/4/2025 17:53,3/4/2025 19:08,89,258,810,3,1,7,0,162,
1651,25030791,3,310,1,1,1,1,3/26/2025 14:36,3/26/2025 15:53,89,685,900,0,0,0,6,596,
1093,25030282,3,192,1,1,1,1,3/15/2025 8:48,3/15/2025 10:53,90,846,5070,5,2,9,3,747,
1545,25030743,3,9,1,1,1,1,3/25/2025 7:51,3/25/2025 10:40,90,146,2030,0,0,0,3,0,
1361,25030479,6,249,1,1,1,1,3/20/2025 17:01,3/20/2025 18:33,90,183,600,11,1,15,0,106,
1363,25030480,6,251,1,1,1,1,3/20/2025 17:06,3/20/2025 19:44,90,106,1500,0,0,0,3,0,
641,25020809,3,112,1,1,1,1,3/4/2025 15:21,3/4/2025 18:05,91,91,"1,750",3,1,10,4,0,
833,25030072,3,146,1,1,1,1,3/8/2025 14:48,3/8/2025 16:58,91,334,529,3,1,9,0,284,
478,25020667,3,91,1,1,1,1,2/27/2025 12:09,2/27/2025 13:16,92,535,"1,100",3,0,6,0,440,
1544,25030743,3,8,1,1,1,1,3/25/2025 7:20,3/25/2025 9:48,92,615,2030,5,2,10,0,523,
196,25020182,2,13,1,1,1,1,2/17/2025 21:49,2/17/2025 23:12,93,1595,"43,400",17,3,49,0,1371,
187,25020292,3,45,1,1,1,1,2/17/2025 21:42,2/17/2025 23:32,93,134,"1,100",4,0,8,0,0,
1349,25030479,5,249,1,1,1,1,3/20/2025 14:57,3/20/2025 16:42,93,520,900,0,0,0,0,419,
1065,25030227,3,184,1,1,1,1,3/14/2025 17:50,3/14/2025 19:58,94,670,950,0,0,3,3,0,
1369,25030482,6,253,1,1,1,1,3/20/2025 17:14,3/20/2025 18:54,94,92,1500,0,0,0,3,0,
1275,25030378,5,95,1,1,1,1,3/19/2025 9:53,3/19/2025 11:39,95,401,14150,3,2,4,9,279,
1220,25030277,3,221,1,1,1,1,3/18/2025 10:53,3/18/2025 12:34,96,366,1100,3,1,6,0,260,
1347,25030478,5,248,1,1,1,1,3/20/2025 14:45,3/20/2025 16:22,96,623,930,0,0,0,0,520,
1367,25030481,6,252,1,1,1,1,3/20/2025 17:09,3/20/2025 19:48,96,193,930,0,0,0,0,92,
1460,25030609,2,94,1,1,1,1,3/21/2025 17:48,3/21/2025 20:30,97,130,6300,2,1,7,6,0,
1465,25030699,3,282,1,1,1,1,3/21/2025 20:42,3/21/2025 21:59,97,97,2500,0,0,0,3,0,
1560,25030763,3,290,1,1,1,1,3/25/2025 10:35,3/25/2025 12:05,97,950,1600,0,0,0,0,8058,
217,25020330,3,48,1,1,1,1,2/18/2025 14:47,2/18/2025 16:11,98,195,"2,080",4,0,7,0,86,
1169,25030268,3,209,1,1,1,1,3/17/2025 16:23,3/17/2025 18:49,98,98,3070,4,1,12,3,0,
1543,25030743,3,8,1,1,1,1,3/25/2025 7:20,3/25/2025 9:22,98,244,2030,5,2,10,0,146,
1364,25030480,6,251,1,1,1,1,3/20/2025 17:06,3/20/2025 18:38,98,930,1500,0,0,0,3,845,
282,25020434,2,67,1,1,1,1,2/19/2025 20:22,2/19/2025 22:12,100,100,"14,050",11,2,28,0,0,
346,25020263,3,55,1,1,1,1,2/22/2025 7:36,2/22/2025 9:07,100,100,"2,080",4,0,8,0,0,
1308,25030427,3,234,1,1,1,1,3/19/2025 20:32,3/19/2025 21:49,100,262,1000,0,0,0,0,164,
435,25020387,6,82,1,1,1,1,2/25/2025 21:00,2/25/2025 23:48,100,633,"1,000",5,1,6,0,503,
266,25020422,3,63,1,1,1,1,2/19/2025 15:51,2/19/2025 17:08,101,939,"1,500",2,0,5,0,833,
610,25020789,3,108,1,1,1,1,3/3/2025 19:33,3/3/2025 21:38,101,629,"1,320",0,0,0,0,528,
1702,25030779,3,322,1,1,1,1,3/27/2025 10:00,3/27/2025 11:04,101,101,910,0,0,0,0,0,
1533,25030498,2,1,1,1,1,1,3/24/2025 14:40,3/24/2025 15:50,102,1586,1100,2,1,2,0,1479,
183,25020261,3,43,1,1,1,1,2/17/2025 20:37,2/17/2025 22:16,102,134,"1,950",4,0,5,0,220,
186,25020292,3,45,1,1,1,1,2/17/2025 21:42,2/17/2025 23:43,103,272,"1,100",4,0,8,0,124,
612,25020788,3,109,1,1,1,1,3/3/2025 20:08,3/3/2025 21:25,103,527,"1,340",0,0,0,0,419,
693,25030018,3,129,1,1,1,1,3/5/2025 13:49,3/5/2025 16:04,103,103,2100,4,1,5,3,0,
218,25020330,3,48,1,1,1,1,2/18/2025 14:47,2/18/2025 16:33,104,796,"2,080",4,0,7,0,681,
826,25030072,3,145,1,1,1,1,3/8/2025 13:39,3/8/2025 16:26,104,104,2170,4,4,20,4,0,
1670,25030708,3,316,1,1,1,1,3/26/2025 20:49,3/26/2025 23:41,104,134,1340,0,0,0,3,0,
1709,25030719,3,325,1,1,1,1,3/27/2025 15:05,3/27/2025 17:17,104,404,870,2,1,3,0,300,
1411,25030579,3,264,1,1,1,1,3/21/2025 9:39,3/21/2025 11:13,105,529,900,0,0,2,0,418,
1413,25030580,3,265,1,1,1,1,3/21/2025 10:15,3/21/2025 12:35,105,418,900,0,0,2,0,307,
1351,25030441,3,250,1,1,1,1,3/20/2025 15:19,3/20/2025 16:36,106,202,900,0,0,0,0,101,
1415,25030581,3,266,1,1,1,1,3/21/2025 10:31,3/21/2025 11:39,106,307,900,0,0,3,0,196,
1471,25030068,3,284,1,1,1,1,3/21/2025 21:17,3/21/2025 22:44,106,1428,2000,7,3,25,0,1317,
1700,25030777,3,321,1,1,1,1,3/27/2025 9:24,3/27/2025 12:18,106,207,910,0,0,0,0,101,
1713,25030769,3,327,1,1,1,1,3/27/2025 15:36,3/27/2025 16:57,106,193,910,0,0,0,0,87,
1149,25030354,5,205,1,1,1,1,3/17/2025 13:51,3/17/2025 15:37,106,106,5100,9,2,11,3,0,
1208,25030171,5,216,1,1,1,1,3/18/2025 6:38,3/18/2025 9:04,106,829,550,0,0,0,0,794,
1451,25030608,5,276,1,1,1,1,3/21/2025 17:32,3/21/2025 19:08,106,1066,1200,0,0,0,0,954,
477,25020667,3,91,1,1,1,1,2/27/2025 12:09,2/27/2025 14:18,107,338,"1,100",3,0,6,0,225,
672,25020698,3,120,1,1,1,1,3/5/2025 9:25,3/5/2025 11:55,107,351,2570,4,1,8,0,232,
1668,25030707,3,315,1,1,1,1,3/26/2025 19:46,3/26/2025 21:01,107,241,1340,4,1,5,0,134,
1711,25030720,3,326,1,1,1,1,3/27/2025 15:08,3/27/2025 17:33,107,300,910,0,0,2,0,193,
1279,25030424,5,79,1,1,1,1,3/19/2025 10:35,3/19/2025 11:36,107,107,1100,11,2,9,3,0,
453,25020405,2,13,1,1,1,1,2/26/2025 13:52,2/26/2025 15:23,108,1370,"5,900",0,0,0,10,1197,
608,25020790,3,107,1,1,1,1,3/3/2025 19:27,3/3/2025 21:50,108,737,"1,320",3,2,10,0,629,
997,25030139,3,69,1,1,1,1,3/13/2025 7:02,3/13/2025 8:34,108,534,2250,1,0,3,0,417,
1404,25030615,3,261,1,1,1,1,3/21/2025 9:07,3/21/2025 11:59,108,332,1000,3,1,5,4,244,
1409,25030578,3,263,1,1,1,1,3/21/2025 9:33,3/21/2025 12:20,108,641,900,3,1,4,0,529,
1707,25030783,3,324,1,1,1,1,3/27/2025 12:01,3/27/2025 14:47,108,552,910,0,0,0,3,404,
1812,25030892,3,341,1,1,1,1,3/29/2025 16:45,3/29/2025 19:33,108,644,1700,2,1,6,6,536,
1234,25030313,5,222,1,1,1,1,3/18/2025 14:59,3/18/2025 17:49,108,1112,1100,1,1,2,0,1006,
570,25020633,2,2,1,1,1,1,3/2/2025 0:45,3/2/2025 2:15,109,1604,"35,550",33,7,45,35,1495,
1337,25030439,3,243,1,1,1,1,3/20/2025 14:01,3/20/2025 16:55,109,416,900,3,0,5,0,304,
1420,25030442,3,268,1,1,1,1,3/21/2025 13:07,3/21/2025 14:08,109,545,900,2,0,4,3,431,
1278,25030424,5,79,1,1,1,1,3/19/2025 10:35,3/19/2025 12:36,109,756,1100,11,2,9,3,594,
182,25020261,3,43,1,1,1,1,2/17/2025 20:37,2/17/2025 21:51,110,349,"1,950",4,0,5,0,0,
269,25020410,3,65,1,1,1,1,2/19/2025 16:04,2/19/2025 18:16,110,110,"1,850",2,0,3,0,0,
945,25030196,3,169,1,1,1,1,3/11/2025 20:11,3/11/2025 22:11,110,437,950,0,0,0,0,321,
1417,25030444,3,267,1,1,1,1,3/21/2025 12:12,3/21/2025 14:05,110,660,900,3,0,4,3,545,
675,25020744,5,122,1,1,1,1,3/5/2025 9:56,3/5/2025 11:24,110,110,5100,11,3,21,3,0,
1339,25030475,5,244,1,1,1,1,3/20/2025 14:22,3/20/2025 15:57,110,1058,930,20,3,9,0,954,
106,25020142,3,11,1,1,1,1,2/14/2025 18:57,2/14/2025 20:31,111,1294,"7,700",5,1,10,0,1162,
681,25020679,3,123,1,1,1,1,3/5/2025 10:30,3/5/2025 12:55,111,111,4070,3,1,9,3,0,
943,25030195,3,168,1,1,1,1,3/11/2025 19:49,3/11/2025 22:25,111,554,950,0,0,2,0,437,
947,25030197,3,170,1,1,1,1,3/11/2025 21:07,3/11/2025 23:30,111,321,950,0,0,2,0,204,
968,25030182,3,177,1,1,1,1,3/12/2025 10:20,3/12/2025 11:56,111,92,2100,0,0,0,2,0,
1345,25030440,3,246,1,1,1,1,3/20/2025 14:42,3/20/2025 16:23,111,304,900,4,0,8,0,202,
1386,25030505,3,258,1,1,1,1,3/20/2025 21:31,3/20/2025 22:31,111,"1,079",1780,3,0,5,0,961,
1388,25030507,3,259,1,1,1,1,3/20/2025 21:34,3/20/2025 23:14,111,961,1780,3,0,5,0,843,
1559,25030763,3,290,1,1,1,1,3/25/2025 10:35,3/25/2025 13:08,111,566,1600,0,0,0,0,412,
1655,25030793,3,311,1,1,1,1,3/26/2025 16:08,3/26/2025 18:30,111,620,900,2,2,10,0,495,
1705,25030782,3,323,1,1,1,1,3/27/2025 10:27,3/27/2025 12:33,111,658,910,1,0,6,3,552,
1808,25030891,3,340,1,1,1,1,3/29/2025 16:08,3/29/2025 17:51,111,121,1700,0,0,0,0,10,
1814,25030893,3,342,1,1,1,1,3/29/2025 17:37,3/29/2025 19:21,111,536,1700,0,0,0,0,392,
996,25030139,3,69,1,1,1,1,3/13/2025 7:02,3/13/2025 9:52,112,199,2250,1,0,3,0,77,
1647,25030789,3,309,1,1,1,1,3/26/2025 14:29,3/26/2025 17:16,112,196,930,2,1,5,0,84,
1649,25030789,3,309,1,1,1,1,3/26/2025 14:33,3/26/2025 16:25,112,196,930,2,1,5,0,84,
1806,25030879,3,339,1,1,1,1,3/29/2025 15:18,3/29/2025 18:10,112,233,1700,0,0,2,0,121,
1836,25030889,3,346,1,1,1,1,3/29/2025 21:10,3/29/2025 22:32,112,169,1900,0,0,2,3,33,
1348,25030479,5,249,1,1,1,1,3/20/2025 14:57,3/20/2025 17:29,112,300,900,0,0,0,0,183,
265,25020422,3,63,1,1,1,1,2/19/2025 15:51,2/19/2025 18:41,113,371,"1,500",2,0,5,0,258,
671,25020698,3,120,1,1,1,1,3/5/2025 9:25,3/5/2025 12:16,113,854,2570,4,1,8,0,732,
1068,25030230,3,185,1,1,1,1,3/14/2025 19:04,3/14/2025 20:31,113,648,950,0,0,3,0,532,
1070,25030231,3,186,1,1,1,1,3/14/2025 19:47,3/14/2025 22:22,113,532,950,0,0,3,0,416,
1378,25030443,3,255,1,1,1,1,3/20/2025 19:29,3/20/2025 20:38,113,101,900,3,1,10,3,0,
1403,25030491,3,260,1,1,1,1,3/21/2025 8:51,3/21/2025 10:33,113,863,2530,3,1,6,0,744,
1775,25030877,3,335,1,1,1,1,3/28/2025 21:53,3/29/2025 0:12,113,479,1700,2,0,2,0,349,
221,25020241,3,49,1,1,1,1,2/18/2025 15:55,2/18/2025 18:19,114,948,"2,600",3,1,10,0,825,
643,25020809,3,112,1,1,1,1,3/4/2025 15:21,3/4/2025 16:49,114,1109,1750,3,1,10,4,995,
645,25020810,3,113,1,1,1,1,3/4/2025 15:50,3/4/2025 17:39,114,995,1880,0,0,0,0,873,
647,25020811,3,114,1,1,1,1,3/4/2025 16:10,3/4/2025 18:06,114,873,1880,0,0,0,0,751,
867,25030164,3,155,1,1,1,1,3/10/2025 7:55,3/10/2025 9:21,114,656,1230,0,0,0,0,534,
869,25030165,3,156,1,1,1,1,3/10/2025 7:58,3/10/2025 9:28,114,534,1230,0,0,0,0,413,
1313,25030438,3,236,1,1,1,1,3/19/2025 21:33,3/19/2025 23:46,114,171,1230,0,0,0,0,0,
1380,25030524,3,256,1,1,1,1,3/20/2025 21:18,3/20/2025 22:33,114,162,1780,4,1,10,0,43,
93,25020215,5,21,1,1,1,1,2/14/2025 16:28,2/14/2025 18:08,114,407,"1,200",0,0,0,0,0,
1206,25030171,5,215,1,1,1,1,3/18/2025 6:35,3/18/2025 8:42,114,943,550,4,0,16,0,829,
1525,25030498,2,1,1,1,1,1,3/23/2025 4:22,3/23/2025 6:05,115,1545,21500,6,2,19,15,1398,
845,25030152,3,148,1,1,1,1,3/8/2025 18:50,3/8/2025 20:43,115,1156,2100,0,0,0,0,"1,029",
847,25030155,3,149,1,1,1,1,3/8/2025 18:54,3/8/2025 20:06,115,1029,2100,0,0,0,0,902,
849,25030156,3,150,1,1,1,1,3/8/2025 18:57,3/8/2025 21:35,115,902,2100,0,0,0,0,775,
941,25030194,3,167,1,1,1,1,3/11/2025 19:45,3/11/2025 20:47,115,671,950,4,1,2,3,554,
963,25030179,3,174,1,1,1,1,3/12/2025 8:08,3/12/2025 9:46,115,239,2100,0,0,0,0,121,
965,25030180,3,175,1,1,1,1,3/12/2025 9:12,3/12/2025 10:50,115,121,2100,0,0,0,0,0,
967,25030181,3,176,1,1,1,1,3/12/2025 9:29,3/12/2025 11:43,115,601,2100,0,0,0,0,484,
1063,25030226,3,183,1,1,1,1,3/14/2025 17:20,3/14/2025 19:30,115,211,950,0,0,2,6,94,
1720,25030807,3,330,1,1,1,1,3/27/2025 17:24,3/27/2025 19:46,115,117,1700,2,0,5,0,5,
1810,25030892,3,341,1,1,1,1,3/29/2025 16:45,3/29/2025 18:15,115,586,1700,2,1,6,6,471,
1346,25030478,5,248,1,1,1,1,3/20/2025 14:45,3/20/2025 16:25,115,420,930,0,0,0,0,300,
387,25020365,6,80,1,1,1,1,2/24/2025 12:27,2/24/2025 13:27,115,654,"1,080",5,1,8,0,608,
1366,25030481,6,252,1,1,1,1,3/20/2025 17:09,3/20/2025 18:57,115,845,930,0,0,0,0,726,
1785,25030499,2,1,1,1,1,1,3/29/2025 5:42,3/29/2025 7:16,116,984,18200,10,3,22,10,824,
1789,25030499,2,1,1,1,1,1,3/29/2025 5:46,3/29/2025 7:02,116,984,18200,10,3,22,10,824,
609,25020789,3,108,1,1,1,1,3/3/2025 19:33,3/3/2025 21:24,116,504,"1,320",0,0,0,0,388,
872,25030166,3,157,1,1,1,1,3/10/2025 8:42,3/10/2025 11:18,116,413,1230,0,0,0,4,292,
970,25030182,3,177,1,1,1,1,3/12/2025 10:20,3/12/2025 13:07,116,484,2100,0,0,0,2,371,
1804,25030878,3,338,1,1,1,1,3/29/2025 14:46,3/29/2025 15:49,116,349,1700,4,1,6,0,223,
1210,25030102,5,217,1,1,1,1,3/18/2025 6:42,3/18/2025 7:49,116,552,1100,11,2,33,0,426,
554,25020388,6,95,1,1,1,1,3/1/2025 10:09,3/1/2025 12:33,116,305,"4,200",4,1,15,6,153,
580,25020258,3,99,1,1,1,1,3/3/2025 12:48,3/3/2025 14:44,117,827,"2,830",3,2,6,0,702,
958,25030177,3,172,1,1,1,1,3/12/2025 6:58,3/12/2025 8:04,117,475,2100,2,0,3,0,357,
1437,25030675,3,272,1,1,1,1,3/21/2025 14:35,3/21/2025 16:10,117,596,1970,0,0,0,0,471,
1728,25030808,3,331,1,1,1,1,3/27/2025 18:40,3/27/2025 20:44,117,1265,1700,5,2,12,5,1156,
1834,25030888,3,345,1,1,1,1,3/29/2025 20:30,3/29/2025 22:10,117,286,1900,6,2,9,0,169,
386,25020365,6,80,1,1,1,1,2/24/2025 12:27,2/24/2025 13:31,117,1139,"1,080",5,1,8,0,1016,
611,25020788,3,109,1,1,1,1,3/3/2025 20:08,3/3/2025 22:42,118,385,"1,340",0,0,0,0,260,
949,25030176,3,171,1,1,1,1,3/11/2025 21:42,3/11/2025 22:56,118,600,2100,3,1,2,0,475,
1057,25030222,3,181,1,1,1,1,3/14/2025 16:22,3/14/2025 19:18,118,445,950,4,2,9,0,327,
1059,25030224,3,182,1,1,1,1,3/14/2025 16:25,3/14/2025 17:31,118,327,950,4,2,9,0,209,
1189,25030445,3,212,1,1,1,1,3/17/2025 20:41,3/17/2025 22:14,118,652,2600,4,2,5,0,529,
1470,25030068,3,284,1,1,1,1,3/21/2025 21:17,3/21/2025 22:43,118,1050,2000,7,3,25,0,932,
1690,25030774,3,319,1,1,1,1,3/27/2025 7:45,3/27/2025 10:23,118,431,970,4,1,6,0,313,
1243,25030317,5,226,1,1,1,1,3/18/2025 16:23,3/18/2025 18:28,118,61,750,5,1,26,4,0,
1435,25030674,3,271,1,1,1,1,3/21/2025 13:45,3/21/2025 14:59,119,720,1970,0,0,4,0,596,
1207,25030171,5,216,1,1,1,1,3/18/2025 6:38,3/18/2025 8:12,119,40,550,0,0,0,0,0,
865,25030163,3,154,1,1,1,1,3/10/2025 7:50,3/10/2025 10:38,120,778,1230,4,0,10,0,656,
1669,25030708,3,316,1,1,1,1,3/26/2025 20:49,3/26/2025 22:56,120,682,1340,0,0,0,3,522,
690,25030013,3,127,1,1,1,1,3/5/2025 13:43,3/5/2025 15:15,121,1106,1980,4,1,9,0,980,
722,25030024,3,131,1,1,1,1,3/6/2025 12:02,3/6/2025 13:52,121,751,2470,3,1,1,0,613,
1311,25030437,3,235,1,1,1,1,3/19/2025 20:51,3/19/2025 22:19,121,292,1230,5,2,10,0,171,
1401,25030491,3,260,1,1,1,1,3/21/2025 8:51,3/21/2025 11:32,121,631,2530,3,1,6,0,510,
1433,25030673,3,270,1,1,1,1,3/21/2025 13:27,3/21/2025 16:04,121,844,1970,4,1,5,0,720,
1708,25030719,3,325,1,1,1,1,3/27/2025 15:05,3/27/2025 17:01,121,632,870,2,1,3,0,511,
1350,25030441,3,250,1,1,1,1,3/20/2025 15:19,3/20/2025 16:43,122,426,900,0,0,0,0,309,
1410,25030579,3,264,1,1,1,1,3/21/2025 9:39,3/21/2025 11:05,123,555,900,0,0,2,0,425,
1412,25030580,3,265,1,1,1,1,3/21/2025 10:15,3/21/2025 12:38,123,425,900,0,0,2,0,295,
1414,25030581,3,266,1,1,1,1,3/21/2025 10:31,3/21/2025 12:56,123,295,900,0,0,3,0,166,
1439,25030676,3,273,1,1,1,1,3/21/2025 15:07,3/21/2025 16:52,123,471,1970,3,1,9,0,346,
1209,25030102,5,217,1,1,1,1,3/18/2025 6:42,3/18/2025 7:42,123,470,1100,11,2,33,0,470,
604,25020782,3,105,1,1,1,1,3/3/2025 17:34,3/3/2025 20:18,124,272,"1,400",0,0,0,0,143,
939,25030194,3,167,1,1,1,1,3/11/2025 19:45,3/11/2025 22:05,124,124,950,4,1,2,3,0,
977,25030139,3,69,1,1,1,1,3/12/2025 11:47,3/12/2025 14:01,124,602,2500,4,1,10,0,470,
1667,25030707,3,315,1,1,1,1,3/26/2025 19:46,3/26/2025 21:02,124,806,1340,4,1,5,0,682,
1699,25030777,3,321,1,1,1,1,3/27/2025 9:24,3/27/2025 10:57,124,633,910,0,0,0,0,430,
1701,25030779,3,322,1,1,1,1,3/27/2025 10:00,3/27/2025 11:01,124,430,910,0,0,0,0,307,
1712,25030769,3,327,1,1,1,1,3/27/2025 15:36,3/27/2025 17:49,124,386,910,0,0,0,0,262,
500,25020407,2,1,1,1,1,1,2/28/2025 8:59,2/28/2025 11:01,125,651,"17,100",7,2,15,15,408,
348,25020263,3,55,1,1,1,1,2/22/2025 7:36,2/22/2025 9:54,125,1088,"2,080",4,0,8,0,945,
602,25020783,3,104,1,1,1,1,3/3/2025 16:58,3/3/2025 19:43,125,402,"1,400",0,0,3,0,272,
607,25020790,3,107,1,1,1,1,3/3/2025 19:27,3/3/2025 21:09,125,629,"1,320",3,2,10,0,504,
726,25030024,3,131,1,1,1,1,3/6/2025 12:11,3/6/2025 14:18,125,751,2470,4,1,10,0,613,
1706,25030783,3,324,1,1,1,1,3/27/2025 12:01,3/27/2025 14:51,125,184,910,0,0,0,3,59,
1710,25030720,3,326,1,1,1,1,3/27/2025 15:08,3/27/2025 17:11,125,511,910,0,0,2,0,386,
1835,25030889,3,346,1,1,1,1,3/29/2025 21:10,3/29/2025 22:33,125,152,1900,0,0,2,3,0,
1330,25030352,5,241,1,1,1,1,3/15/2025 9:47,3/15/2025 11:18,125,125,1800,0,0,0,0,0,
606,25020781,3,106,1,1,1,1,3/3/2025 17:45,3/3/2025 20:28,126,143,"1,400",0,0,0,4,0,
828,25030072,3,145,1,1,1,1,3/8/2025 13:39,3/8/2025 15:23,126,495,2170,4,4,20,4,366,
1408,25030578,3,263,1,1,1,1,3/21/2025 9:33,3/21/2025 10:37,126,685,900,3,1,4,0,555,
1577,25030766,3,296,1,1,1,1,3/25/2025 13:28,3/25/2025 15:32,126,512,1480,0,0,0,0,386,
1581,25030767,3,297,1,1,1,1,3/25/2025 13:47,3/25/2025 15:07,126,386,1480,0,0,0,0,260,
1583,25030767,3,297,1,1,1,1,3/25/2025 13:53,3/25/2025 16:41,126,386,1480,0,0,0,0,260,
270,25020410,3,65,1,1,1,1,2/19/2025 16:04,2/19/2025 17:23,127,1297,"1,850",2,0,3,0,1149,
961,25030178,3,173,1,1,1,1,3/12/2025 7:39,3/12/2025 10:17,127,357,2100,8,3,13,4,245,
1076,25030286,3,189,1,1,1,1,3/14/2025 21:21,3/14/2025 23:42,127,613,2470,6,2,11,0,486,
1123,25030225,3,197,1,1,1,1,3/15/2025 21:38,3/15/2025 23:48,127,934,1470,0,0,0,0,797,
1125,25030228,3,198,1,1,1,1,3/15/2025 21:40,3/15/2025 22:57,127,797,1470,0,0,0,0,660,
1127,25030229,3,199,1,1,1,1,3/15/2025 21:42,3/16/2025 0:06,127,660,1470,0,0,0,0,524,
1307,25030426,3,233,1,1,1,1,3/19/2025 20:07,3/19/2025 22:36,127,389,1470,0,0,0,0,254,
1336,25030439,3,243,1,1,1,1,3/20/2025 14:01,3/20/2025 15:16,127,677,900,3,0,5,0,543,
1548,25030752,3,286,1,1,1,1,3/25/2025 8:32,3/25/2025 10:38,127,966,1300,4,1,7,0,830,
1450,25030608,5,276,1,1,1,1,3/21/2025 17:32,3/21/2025 19:07,127,842,1200,0,0,0,0,711,
844,25030152,3,148,1,1,1,1,3/8/2025 18:50,3/8/2025 21:24,128,722,2100,0,0,0,0,576,
846,25030155,3,149,1,1,1,1,3/8/2025 18:54,3/8/2025 21:32,128,576,2100,0,0,0,0,430,
848,25030156,3,150,1,1,1,1,3/8/2025 18:57,3/8/2025 20:52,128,430,2100,0,0,0,0,284,
944,25030196,3,169,1,1,1,1,3/11/2025 20:11,3/11/2025 21:24,128,575,950,0,0,0,0,439,
962,25030179,3,174,1,1,1,1,3/12/2025 8:08,3/12/2025 9:13,128,498,2100,0,0,0,0,362,
964,25030180,3,175,1,1,1,1,3/12/2025 9:12,3/12/2025 10:57,128,362,2100,0,0,0,0,227,
966,25030181,3,176,1,1,1,1,3/12/2025 9:29,3/12/2025 12:11,128,227,2100,0,0,0,0,92,
1074,25030246,3,188,1,1,1,1,3/14/2025 20:50,3/14/2025 22:02,128,906,1480,2,1,2,0,773,
1416,25030444,3,267,1,1,1,1,3/21/2025 12:12,3/21/2025 13:49,128,192,900,3,0,4,3,54,
1573,25030765,3,294,1,1,1,1,3/25/2025 12:58,3/25/2025 15:34,128,640,1480,0,0,5,0,512,
1807,25030891,3,340,1,1,1,1,3/29/2025 16:08,3/29/2025 18:02,128,150,1700,0,0,0,0,22,
1813,25030893,3,342,1,1,1,1,3/29/2025 17:37,3/29/2025 19:12,128,471,1700,0,0,0,0,335,
1331,25030352,5,241,1,1,1,1,3/15/2025 9:47,3/15/2025 11:38,128,1576,1800,0,0,0,0,1385,
942,25030195,3,168,1,1,1,1,3/11/2025 19:49,3/11/2025 21:18,129,712,950,0,0,2,0,575,
946,25030197,3,170,1,1,1,1,3/11/2025 21:07,3/11/2025 22:23,129,439,950,0,0,2,0,303,
1188,25030445,3,212,1,1,1,1,3/17/2025 20:41,3/17/2025 23:20,129,681,2600,4,2,5,0,547,
1342,25030440,3,246,1,1,1,1,3/20/2025 14:42,3/20/2025 17:00,129,543,900,4,0,8,0,426,
1385,25030505,3,258,1,1,1,1,3/20/2025 21:31,3/20/2025 23:25,129,"1,154",1780,3,0,5,0,"1,014",
1387,25030507,3,259,1,1,1,1,3/20/2025 21:34,3/20/2025 22:54,129,"1,014",1780,3,0,5,0,874,
1654,25030793,3,311,1,1,1,1,3/26/2025 16:08,3/26/2025 17:38,129,596,900,2,2,10,0,451,
1704,25030782,3,323,1,1,1,1,3/27/2025 10:27,3/27/2025 12:38,129,307,910,1,0,6,3,184,
751,25020800,5,2,1,1,1,1,3/6/2025 14:33,3/6/2025 15:54,129,1538,1400,2,1,1,0,1409,
1233,25030313,5,222,1,1,1,1,3/18/2025 14:59,3/18/2025 17:17,129,980,1100,1,1,2,0,843,
1019,25030233,2,1,1,1,1,1,3/13/2025 19:02,3/13/2025 21:13,130,116,11800,3,0,3,22,0,
224,25020323,3,51,1,1,1,1,2/18/2025 19:01,2/18/2025 21:26,130,764,"1,760",2,0,4,0,194,
1067,25030230,3,185,1,1,1,1,3/14/2025 19:04,3/14/2025 20:29,130,540,950,0,0,3,0,403,
1069,25030231,3,186,1,1,1,1,3/14/2025 19:47,3/14/2025 22:41,130,403,950,0,0,3,0,266,
1646,25030789,3,309,1,1,1,1,3/26/2025 14:29,3/26/2025 17:24,130,166,930,2,1,5,0,36,
1648,25030789,3,309,1,1,1,1,3/26/2025 14:33,3/26/2025 17:00,130,166,930,2,1,5,0,36,
1805,25030879,3,339,1,1,1,1,3/29/2025 15:18,3/29/2025 17:36,130,280,1700,0,0,2,0,150,
1203,25030346,5,195,1,1,1,1,3/18/2025 6:31,3/18/2025 8:07,130,130,2000,2,1,3,0,0,
1205,25030171,5,215,1,1,1,1,3/18/2025 6:35,3/18/2025 7:39,130,172,550,4,0,16,0,40,
1276,25030408,5,228,1,1,1,1,3/19/2025 9:57,3/19/2025 11:27,130,130,1070,14,2,16,3,0,
1579,25030300,2,295,1,1,1,1,3/25/2025 13:47,3/25/2025 16:27,131,528,1800,0,0,0,2,389,
15,25020135,3,3,1,1,1,1,2/11/2025 21:16,2/11/2025 22:18,131,164,"21,300",7,2,25,0,0,
579,25020258,3,99,1,1,1,1,3/3/2025 12:48,3/3/2025 14:17,131,926,"2,830",3,2,6,0,788,
851,25030157,3,151,1,1,1,1,3/8/2025 19:41,3/8/2025 21:31,131,775,2100,5,2,30,0,648,
948,25030176,3,171,1,1,1,1,3/11/2025 21:42,3/11/2025 23:15,131,383,2100,3,1,2,0,247,
957,25030177,3,172,1,1,1,1,3/12/2025 6:58,3/12/2025 9:42,131,247,2100,2,0,3,0,111,
976,25030139,3,69,1,1,1,1,3/12/2025 11:47,3/12/2025 13:07,131,604,2500,4,1,10,0,479,
1072,25030245,3,187,1,1,1,1,3/14/2025 20:06,3/14/2025 22:08,131,1039,1480,6,2,4,0,906,
1201,25030332,3,214,1,1,1,1,3/17/2025 6:07,3/17/2025 8:47,131,548,1800,11,2,11,0,405,
1171,25030268,3,209,1,1,1,1,3/17/2025 16:23,3/17/2025 19:06,131,981,3070,4,1,12,3,843,
1774,25030877,3,335,1,1,1,1,3/28/2025 21:53,3/28/2025 23:44,131,562,1700,2,0,2,0,415,
1064,25030227,3,184,1,1,1,1,3/14/2025 17:50,3/14/2025 20:45,132,677,950,0,0,3,3,540,
1377,25030443,3,255,1,1,1,1,3/20/2025 19:29,3/20/2025 20:33,132,309,900,3,1,10,3,192,
1714,25030770,3,328,1,1,1,1,3/27/2025 16:39,3/27/2025 18:09,132,262,910,2,2,8,3,113,
1719,25030807,3,330,1,1,1,1,3/27/2025 17:24,3/27/2025 19:19,132,861,1700,2,0,5,0,733,
1833,25030888,3,345,1,1,1,1,3/29/2025 20:30,3/29/2025 22:05,132,284,1900,6,2,9,0,152,
1447,25030606,5,275,1,1,1,1,3/21/2025 17:29,3/21/2025 18:44,132,"1,252",1500,0,0,0,0,"1,115",
644,25020810,3,113,1,1,1,1,3/4/2025 15:50,3/4/2025 17:05,133,904,1880,0,0,0,0,763,
646,25020811,3,114,1,1,1,1,3/4/2025 16:10,3/4/2025 18:04,133,763,1880,0,0,0,0,622,
652,25020773,3,46,1,1,1,1,3/4/2025 17:04,3/4/2025 18:46,133,1255,2520,3,2,7,0,1126,
866,25030164,3,155,1,1,1,1,3/10/2025 7:55,3/10/2025 10:14,133,316,1230,0,0,0,0,172,
868,25030165,3,156,1,1,1,1,3/10/2025 7:58,3/10/2025 9:07,133,172,1230,0,0,0,0,28,
1312,25030438,3,236,1,1,1,1,3/19/2025 21:33,3/19/2025 23:54,133,576,1230,0,0,0,0,380,
1379,25030524,3,256,1,1,1,1,3/20/2025 21:18,3/20/2025 22:28,133,164,1780,4,1,10,0,23,
1570,25030764,3,293,1,1,1,1,3/25/2025 12:52,3/25/2025 15:23,133,773,1480,5,2,10,0,640,
99,25020218,5,24,1,1,1,1,2/14/2025 17:52,2/14/2025 20:24,133,407,"1,400",0,0,0,0,0,
1606,25030695,5,301,1,1,1,1,3/25/2025 21:52,3/25/2025 23:08,133,182,1100,6,1,5,0,41,
1672,25030768,3,317,1,1,1,1,3/26/2025 21:42,3/27/2025 0:11,134,1030,2520,3,1,4,0,888,
1688,25030768,3,318,1,1,1,1,3/27/2025 7:04,3/27/2025 8:50,134,888,2520,3,0,5,0,752,
1338,25030475,5,244,1,1,1,1,3/20/2025 14:22,3/20/2025 16:31,134,930,930,20,3,9,0,809,
385,25020420,6,79,1,1,1,1,2/24/2025 10:47,2/24/2025 12:05,134,426,"1,370",3,1,35,0,282,
405,25020596,2,83,1,1,1,1,2/24/2025 19:34,2/24/2025 22:17,135,135,"10,100",4,2,10,0,0,
1436,25030675,3,272,1,1,1,1,3/21/2025 14:35,3/21/2025 16:46,135,412,1970,0,0,0,0,266,
1803,25030878,3,338,1,1,1,1,3/29/2025 14:46,3/29/2025 15:46,135,415,1700,4,1,6,0,280,
1605,25030695,5,301,1,1,1,1,3/25/2025 21:52,3/25/2025 23:55,135,477,1100,6,1,5,0,337,
137,25020275,3,31,1,1,1,1,2/15/2025 19:21,2/15/2025 22:16,136,943,"2,050",0,0,0,0,606,
139,25020272,3,32,1,1,1,1,2/15/2025 19:22,2/15/2025 21:32,136,943,"2,050",0,0,0,0,606,
143,25020286,3,34,1,1,1,1,2/15/2025 19:25,2/15/2025 21:47,136,943,"2,050",0,0,0,0,606,
1558,25030762,3,289,1,1,1,1,3/25/2025 10:17,3/25/2025 12:57,136,1086,1620,5,1,8,0,950,
1160,25030320,5,121,1,1,1,1,3/17/2025 14:05,3/17/2025 16:47,136,652,2200,19,3,30,3,518,
1738,25030776,2,94,1,1,1,1,3/28/2025 0:02,3/28/2025 2:40,137,1439,31400,17,4,26,34,1324,
1056,25030222,3,181,1,1,1,1,3/14/2025 16:22,3/14/2025 19:18,137,303,950,4,2,9,0,166,
1058,25030224,3,182,1,1,1,1,3/14/2025 16:25,3/14/2025 18:57,137,166,950,4,2,9,0,29,
1305,25030425,3,232,1,1,1,1,3/19/2025 20:05,3/19/2025 22:00,137,524,1470,7,2,15,0,389,
1434,25030674,3,271,1,1,1,1,3/21/2025 13:45,3/21/2025 15:53,137,555,1970,0,0,4,0,412,
1689,25030774,3,319,1,1,1,1,3/27/2025 7:45,3/27/2025 10:10,137,183,970,4,1,6,0,46,
92,25020215,5,21,1,1,1,1,2/14/2025 16:28,2/14/2025 17:31,137,982,"1,200",0,0,0,0,0,
1532,25030498,2,1,1,1,1,1,3/24/2025 14:40,3/24/2025 17:31,138,558,1100,2,1,2,0,426,
603,25020782,3,105,1,1,1,1,3/3/2025 17:34,3/3/2025 18:38,138,607,"1,400",0,0,0,0,465,
225,25020323,3,51,1,1,1,1,2/18/2025 19:01,2/18/2025 21:44,139,702,"1,760",2,0,4,0,284,
268,25020423,3,64,1,1,1,1,2/19/2025 15:58,2/19/2025 17:25,139,841,"2,080",2,0,5,0,685,
434,25020387,6,82,1,1,1,1,2/25/2025 21:00,2/25/2025 23:30,139,1023,"1,000",5,1,6,0,838,
578,25020745,3,98,1,1,1,1,3/3/2025 12:46,3/3/2025 13:55,140,461,"2,080",2,0,2,0,317,
601,25020783,3,104,1,1,1,1,3/3/2025 16:58,3/3/2025 19:04,140,749,"1,400",0,0,3,0,607,
605,25020781,3,106,1,1,1,1,3/3/2025 17:45,3/3/2025 19:30,140,465,"1,400",0,0,0,4,308,
1432,25030673,3,270,1,1,1,1,3/21/2025 13:27,3/21/2025 16:06,140,699,1970,4,1,5,0,555,
1671,25030768,3,317,1,1,1,1,3/26/2025 21:42,3/26/2025 23:07,140,497,2520,3,1,4,0,355,
1687,25030768,3,318,1,1,1,1,3/27/2025 7:04,3/27/2025 8:42,140,355,2520,3,0,5,0,211,
253,25020228,5,59,1,1,1,1,2/19/2025 13:31,2/19/2025 14:59,140,346,"1,050",4,1,4,0,197,
384,25020420,6,79,1,1,1,1,2/24/2025 10:47,2/24/2025 12:17,140,897,"1,370",3,1,35,0,756,
718,25020630,2,13,1,1,1,1,3/6/2025 8:58,3/6/2025 10:05,141,1294,10250,17,4,30,10,1167,
689,25030013,3,127,1,1,1,1,3/5/2025 13:43,3/5/2025 16:09,141,902,1980,4,1,9,0,752,
702,25030019,3,130,1,1,1,1,3/5/2025 14:20,3/5/2025 16:07,141,538,2100,4,1,5,0,392,
721,25030024,3,131,1,1,1,1,3/6/2025 12:02,3/6/2025 14:52,141,622,2470,3,1,1,0,460,
864,25030163,3,154,1,1,1,1,3/10/2025 7:50,3/10/2025 9:19,141,460,1230,4,0,10,0,316,
252,25020228,5,59,1,1,1,1,2/19/2025 13:31,2/19/2025 15:44,141,664,"1,050",4,1,4,0,519,
1438,25030676,3,273,1,1,1,1,3/21/2025 15:07,3/21/2025 16:48,142,266,1970,3,1,9,0,120,
1726,25030808,3,331,1,1,1,1,3/27/2025 18:40,3/27/2025 20:32,142,733,1700,5,2,12,5,553,
1277,25030408,5,228,1,1,1,1,3/19/2025 9:57,3/19/2025 11:44,142,499,1070,14,2,16,3,319,
121,25020248,3,28,1,1,1,1,2/15/2025 10:36,2/15/2025 12:39,143,682,"2,080",2,1,8,0,544,
123,25020249,3,29,1,1,1,1,2/15/2025 10:40,2/15/2025 12:32,143,544,"2,080",2,0,8,0,388,
695,25030018,3,129,1,1,1,1,3/5/2025 13:49,3/5/2025 14:54,143,685,2100,4,1,5,3,538,
1073,25030246,3,188,1,1,1,1,3/14/2025 20:50,3/14/2025 23:32,143,334,1480,2,1,2,0,187,
1310,25030437,3,235,1,1,1,1,3/19/2025 20:51,3/19/2025 23:31,143,719,1230,5,2,10,0,576,
1578,25030300,2,295,1,1,1,1,3/25/2025 13:47,3/25/2025 15:35,144,157,1800,0,0,0,2,0,
119,25020247,3,27,1,1,1,1,2/15/2025 10:30,2/15/2025 13:19,144,154,"2,100",2,1,8,0,0,
576,25020743,3,97,1,1,1,1,3/3/2025 12:41,3/3/2025 14:13,144,606,"2,100",4,2,5,0,461,
959,25030178,3,173,1,1,1,1,3/12/2025 7:39,3/12/2025 9:06,144,111,2100,8,3,13,4,0,
1121,25030218,3,196,1,1,1,1,3/15/2025 21:35,3/15/2025 23:38,144,1071,1470,5,2,33,0,934,
1242,25030316,5,225,1,1,1,1,3/18/2025 15:18,3/18/2025 17:36,144,487,1500,0,0,0,0,336,
219,25020241,3,49,1,1,1,1,2/18/2025 15:55,2/18/2025 18:13,145,838,"2,600",3,1,10,0,652,
651,25020773,3,46,1,1,1,1,3/4/2025 17:04,3/4/2025 19:52,145,335,2520,3,2,7,0,210,
1576,25030766,3,296,1,1,1,1,3/25/2025 13:28,3/25/2025 15:57,145,1031,1480,0,0,0,0,886,
1580,25030767,3,297,1,1,1,1,3/25/2025 13:47,3/25/2025 15:20,145,886,1480,0,0,0,0,715,
1582,25030767,3,297,1,1,1,1,3/25/2025 13:53,3/25/2025 15:05,145,886,1480,0,0,0,0,715,
725,25030024,3,131,1,1,1,1,3/6/2025 12:11,3/6/2025 14:00,146,622,2470,4,1,10,0,460,
680,25020679,3,123,1,1,1,1,3/5/2025 10:30,3/5/2025 13:14,147,225,4070,3,1,9,3,73,
1071,25030245,3,187,1,1,1,1,3/14/2025 20:06,3/14/2025 22:25,147,481,1480,6,2,4,0,334,
1122,25030225,3,197,1,1,1,1,3/15/2025 21:38,3/16/2025 0:31,147,"1,048",1470,0,0,0,0,881,
1124,25030228,3,198,1,1,1,1,3/15/2025 21:40,3/15/2025 23:40,147,881,1470,0,0,0,0,714,
1126,25030229,3,199,1,1,1,1,3/15/2025 21:42,3/15/2025 23:34,147,714,1470,0,0,0,0,548,
1306,25030426,3,233,1,1,1,1,3/19/2025 20:07,3/19/2025 22:41,147,405,1470,0,0,0,0,262,
410,25020628,2,85,1,1,1,1,2/24/2025 21:42,2/25/2025 0:09,148,1452,"11,200",5,3,15,0,1304,
1021,25030233,2,1,1,1,1,1,3/13/2025 19:02,3/13/2025 21:27,148,143,11800,3,0,3,22,0,
1884,25030490,2,179,1,1,1,1,4/1/2025 4:47,4/1/2025 5:48,148,148,11600,0,0,0,4,0,
1467,25030699,3,282,1,1,1,1,3/21/2025 20:42,3/21/2025 23:18,148,555,2500,0,0,0,3,405,
1547,25030752,3,286,1,1,1,1,3/25/2025 8:32,3/25/2025 9:35,148,736,1300,4,1,7,0,576,
850,25030157,3,151,1,1,1,1,3/8/2025 19:41,3/8/2025 22:10,149,284,2100,5,2,30,0,138,
1075,25030286,3,189,1,1,1,1,3/14/2025 21:21,3/14/2025 23:55,149,1063,2470,6,2,11,0,914,
1159,25030320,5,121,1,1,1,1,3/17/2025 14:05,3/17/2025 15:43,149,149,2200,19,3,30,3,0,
1247,25030301,5,227,1,1,1,1,3/18/2025 16:50,3/18/2025 19:30,149,1521,1100,7,2,15,0,1428,
1273,25030378,5,95,1,1,1,1,3/19/2025 9:53,3/19/2025 12:00,149,746,14150,3,2,4,9,590,
1459,25030608,5,280,1,1,1,1,3/21/2025 17:44,3/21/2025 19:48,149,160,1200,0,0,0,6,0,
215,25020183,2,13,1,1,1,1,2/18/2025 13:43,2/18/2025 16:14,151,134,"18,400",7,3,12,0,0,
1184,25030220,2,94,1,1,1,1,3/17/2025 19:22,3/17/2025 21:27,151,151,27100,38,4,33,24,0,
1795,25030499,2,1,1,1,1,1,3/29/2025 12:33,3/29/2025 15:08,152,1321,38300,10,5,30,35,1163,
135,25020284,3,30,1,1,1,1,2/15/2025 19:17,2/15/2025 21:51,152,388,"2,050",14,3,20,0,0,
932,25030029,3,11,1,1,1,1,3/11/2025 19:10,3/11/2025 21:50,152,152,8950,3,1,6,3,0,
818,25030028,3,142,1,1,1,1,3/8/2025 12:03,3/8/2025 13:34,153,153,21000,17,3,43,8,0,
921,25030029,3,11,1,1,1,1,3/11/2025 13:40,3/11/2025 14:55,153,1259,37000,12,3,35,12,1041,
1464,25030698,5,281,1,1,1,1,3/21/2025 20:38,3/21/2025 23:27,153,708,2450,4,2,15,0,555,
267,25020423,3,64,1,1,1,1,2/19/2025 15:58,2/19/2025 17:59,155,262,"2,080",2,0,5,0,103,
467,25020609,3,87,1,1,1,1,2/27/2025 7:48,2/27/2025 10:15,155,452,"5,070",3,0,12,0,296,
853,25030148,3,152,1,1,1,1,3/8/2025 20:34,3/8/2025 22:04,155,1020,2540,4,2,8,0,859,
1569,25030764,3,293,1,1,1,1,3/25/2025 12:52,3/25/2025 14:31,155,168,1480,5,2,10,0,13,
1264,25030377,5,82,1,1,1,1,3/19/2025 7:00,3/19/2025 9:26,155,731,1600,4,1,3,0,566,
1341,25030476,5,245,1,1,1,1,3/20/2025 14:25,3/20/2025 15:45,155,954,1500,0,0,0,0,789,
1344,25030477,5,247,1,1,1,1,3/20/2025 14:42,3/20/2025 16:07,155,789,1500,0,0,0,0,623,
1372,25030483,6,254,1,1,1,1,3/20/2025 17:19,3/20/2025 19:46,155,983,1500,0,0,0,0,822,
987,25030139,3,69,1,1,1,1,3/12/2025 21:44,3/13/2025 0:00,156,745,28500,10,3,37,9,534,
1078,25030290,3,190,1,1,1,1,3/14/2025 21:40,3/15/2025 0:23,156,486,3250,0,0,0,0,315,
160,25020296,5,39,1,1,1,1,2/17/2025 12:25,2/17/2025 13:29,156,237,"1,550",0,0,0,0,18,
350,25020074,6,1,1,1,1,1,2/22/2025 9:08,2/22/2025 10:26,156,2221,200,1,321,2,6,65,
1365,25030480,6,251,1,1,1,1,3/20/2025 17:06,3/20/2025 18:58,156,354,1500,0,0,0,3,193,
1557,25030762,3,289,1,1,1,1,3/25/2025 10:17,3/25/2025 12:23,157,723,1620,5,1,8,0,566,
701,25030019,3,130,1,1,1,1,3/5/2025 14:20,3/5/2025 17:02,158,959,2100,4,1,5,0,797,
1446,25030606,5,275,1,1,1,1,3/21/2025 17:29,3/21/2025 18:33,159,"1,065",1500,0,0,0,0,902,
698,25020629,2,13,1,1,1,1,3/5/2025 13:50,3/5/2025 15:17,160,751,21800,17,5,20,15,605,
136,25020275,3,31,1,1,1,1,2/15/2025 19:21,2/15/2025 20:43,160,1016,"2,050",0,0,0,0,664,
138,25020272,3,32,1,1,1,1,2/15/2025 19:22,2/15/2025 21:12,160,1016,"2,050",0,0,0,0,664,
142,25020286,3,34,1,1,1,1,2/15/2025 19:25,2/15/2025 22:07,160,1016,"2,050",0,0,0,0,664,
98,25020218,5,24,1,1,1,1,2/14/2025 17:52,2/14/2025 19:03,160,982,"1,400",0,0,0,0,0,
1262,25030377,5,82,1,1,1,1,3/18/2025 21:54,3/18/2025 23:55,160,895,18600,19,2,50,15,731,
1497,25030498,2,1,1,1,1,1,3/22/2025 15:36,3/22/2025 18:06,161,248,1750,0,0,0,5,0,
1500,25030498,2,1,1,1,1,1,3/22/2025 15:37,3/22/2025 18:01,161,248,1750,0,0,0,5,0,
1304,25030425,3,232,1,1,1,1,3/19/2025 20:05,3/19/2025 22:38,161,548,1470,7,2,15,0,405,
314,25020263,3,55,1,1,1,1,2/20/2025 18:50,2/20/2025 21:20,164,176,"2,750",4,0,7,0,0,
577,25020745,3,98,1,1,1,1,3/3/2025 12:46,3/3/2025 14:10,164,346,"2,080",2,0,2,0,176,
466,25020609,3,87,1,1,1,1,2/27/2025 7:48,2/27/2025 10:07,165,499,"5,070",3,0,12,0,333,
1030,25030221,5,56,1,1,1,1,3/13/2025 21:46,3/14/2025 0:13,165,165,16520,12,3,18,12,0,
509,25020389,2,93,1,1,1,1,2/28/2025 17:02,2/28/2025 18:42,166,166,"38,350",47,5,83,60,0,
122,25020249,3,29,1,1,1,1,2/15/2025 10:40,2/15/2025 12:10,166,681,"2,080",2,0,8,0,491,
530,25020586,6,92,1,1,1,1,2/28/2025 23:32,3/1/2025 1:21,166,666,"1,900",7,1,19,0,389,
531,25020586,6,92,1,1,1,1,2/28/2025 23:32,3/1/2025 0:47,166,406,"1,900",7,1,19,0,243,
120,25020248,3,28,1,1,1,1,2/15/2025 10:36,2/15/2025 13:24,167,836,"2,080",2,1,8,0,681,
1241,25030316,5,225,1,1,1,1,3/18/2025 15:18,3/18/2025 17:53,167,240,1500,0,0,0,0,61,
118,25020247,3,27,1,1,1,1,2/15/2025 10:30,2/15/2025 12:25,168,1009,"2,100",2,1,8,0,836,
1758,25030488,2,179,1,1,1,1,3/28/2025 17:44,3/28/2025 19:34,169,169,40600,17,5,65,35,0,
894,25030029,3,11,1,1,1,1,3/10/2025 13:52,3/10/2025 15:04,169,169,8000,7,2,20,4,0,
575,25020743,3,97,1,1,1,1,3/3/2025 12:41,3/3/2025 13:52,170,519,"2,100",4,2,5,0,346,
1120,25030218,3,196,1,1,1,1,3/15/2025 21:35,3/16/2025 0:01,170,1215,1470,5,2,33,0,"1,048",
33,25020075,2,1,1,1,1,1,2/12/2025 21:07,2/12/2025 22:02,171,1600,"14,000",10,4,18,0,1390,
712,25020630,2,13,1,1,1,1,3/5/2025 21:42,3/5/2025 23:18,171,147,20700,7,2,12,15,0,
167,25020142,3,11,1,1,1,1,2/17/2025 13:46,2/17/2025 16:11,171,1122,"34,000",8,4,65,50,865,
313,25020263,3,55,1,1,1,1,2/20/2025 18:50,2/20/2025 20:27,171,289,"2,750",4,0,7,0,100,
1200,25030332,3,214,1,1,1,1,3/17/2025 6:05,3/17/2025 8:21,171,700,1800,11,2,11,0,512,
185,25020395,5,44,1,1,1,1,2/19/2025 13:15,2/19/2025 15:01,171,546,"1,500",8,1,16,0,346,
247,25020395,5,44,1,1,1,1,2/19/2025 13:26,2/19/2025 15:10,171,546,"1,500",8,1,16,0,346,
133,25020142,3,11,1,1,1,1,2/15/2025 13:47,2/15/2025 15:54,173,1266,"24,700",5,2,19,0,1048,
1291,25030274,3,12,1,1,1,1,3/19/2025 17:48,3/19/2025 20:17,173,173,2650,3,1,9,3,0,
1319,25030576,3,237,1,1,1,1,3/20/2025 7:49,3/20/2025 9:23,173,173,7600,3,1,14,3,0,
1119,25030337,2,13,1,1,1,1,3/15/2025 19:23,3/15/2025 22:01,174,1569,29600,18,6,35,20,1395,
1493,25030389,2,179,1,1,1,1,3/22/2025 15:31,3/22/2025 16:58,174,174,49700,19,4,19,39,0,
750,25020800,5,2,1,1,1,1,3/6/2025 14:33,3/6/2025 16:04,174,1336,1400,2,1,1,0,1162,
624,25020710,2,1,1,1,1,1,3/4/2025 8:33,3/4/2025 10:57,175,1499,"10,100",5,2,10,10,1336,
1133,25030338,2,13,1,1,1,1,3/17/2025 8:34,3/17/2025 11:13,175,175,11100,7,1,11,9,0,
335,25020184,2,13,1,1,1,1,2/21/2025 13:47,2/21/2025 15:28,176,1364,"9,800",0,0,5,0,1110,
158,25020295,5,38,1,1,1,1,2/17/2025 10:50,2/17/2025 13:41,176,589,"1,500",0,0,0,0,342,
1246,25030301,5,227,1,1,1,1,3/18/2025 16:50,3/18/2025 19:07,176,1014,1100,7,2,15,0,921,
1488,25030389,2,179,1,1,1,1,3/22/2025 15:31,3/22/2025 17:03,178,178,49700,19,4,19,39,0,
134,25020284,3,30,1,1,1,1,2/15/2025 19:17,2/15/2025 21:54,179,491,"2,050",14,3,20,0,0,
1320,25030576,3,237,1,1,1,1,3/20/2025 7:49,3/20/2025 9:11,179,1014,7600,3,1,14,3,818,
1458,25030608,5,280,1,1,1,1,3/21/2025 17:44,3/21/2025 19:16,179,994,1200,0,0,0,6,806,
1463,25030698,5,281,1,1,1,1,3/21/2025 20:38,3/21/2025 21:53,179,276,2450,4,2,15,0,97,
753,25030030,3,137,1,1,1,1,3/6/2025 19:03,3/6/2025 21:31,180,585,6600,5,2,10,3,383,
766,25020784,5,139,1,1,1,1,3/7/2025 7:34,3/7/2025 8:47,180,1387,3100,11,2,9,0,1192,
852,25030148,3,152,1,1,1,1,3/8/2025 20:34,3/8/2025 23:00,181,469,2540,4,2,8,0,276,
1029,25030221,5,56,1,1,1,1,3/13/2025 21:46,3/13/2025 23:29,181,1482,16520,12,3,18,12,1342,
1077,25030290,3,190,1,1,1,1,3/14/2025 21:40,3/14/2025 23:51,182,914,3250,0,0,0,0,719,
815,25030107,5,83,1,1,1,1,3/8/2025 11:40,3/8/2025 13:26,183,1778,30250,9,2,13,11,1495,
1455,25030606,5,278,1,1,1,1,3/21/2025 17:40,3/21/2025 19:50,183,435,1500,0,0,0,0,234,
1627,25030742,3,307,1,1,1,1,3/26/2025 11:42,3/26/2025 13:51,184,823,15200,4,2,24,10,631,
1340,25030476,5,245,1,1,1,1,3/20/2025 14:25,3/20/2025 16:55,186,809,1500,0,0,0,0,615,
1343,25030477,5,247,1,1,1,1,3/20/2025 14:42,3/20/2025 16:26,186,615,1500,0,0,0,0,420,
521,25020603,6,92,1,1,1,1,2/28/2025 21:17,2/28/2025 23:35,186,810,"4,200",7,1,20,3,666,
1371,25030483,6,254,1,1,1,1,3/20/2025 17:19,3/20/2025 18:50,186,535,1500,0,0,0,0,344,
393,25020107,2,81,1,1,1,1,2/24/2025 13:54,2/24/2025 16:34,187,1184,"1,400",3,1,15,0,997,
1843,25030489,2,179,1,1,1,1,3/29/2025 23:11,3/30/2025 1:24,187,1587,28500,29,4,47,26,1341,
162,25020298,5,40,1,1,1,1,2/17/2025 12:30,2/17/2025 14:44,187,890,"1,550",4,0,7,0,708,
164,25020298,5,40,1,1,1,1,2/17/2025 12:42,2/17/2025 14:04,187,890,"1,550",4,0,7,0,622,
1368,25030482,6,253,1,1,1,1,3/20/2025 17:14,3/20/2025 18:50,188,726,1500,0,0,0,3,535,
1625,25030742,3,307,1,1,1,1,3/26/2025 11:42,3/26/2025 14:05,189,189,15200,4,2,24,10,0,
1128,25030338,2,13,1,1,1,1,3/15/2025 21:46,3/15/2025 23:13,190,190,13000,2,1,25,10,0,
1327,25030350,5,239,1,1,1,1,3/15/2025 9:42,3/15/2025 11:55,190,1159,1500,0,0,34,0,969,
1552,25030460,2,287,1,1,1,1,3/25/2025 9:19,3/25/2025 10:45,193,193,10100,7,3,5,6,0,
1238,25030315,5,224,1,1,1,1,3/18/2025 15:09,3/18/2025 17:20,193,689,2000,0,0,0,0,487,
455,25020387,6,82,1,1,1,1,2/26/2025 19:09,2/26/2025 21:37,193,193,"6,000",14,2,37,6,0,
255,25020362,5,60,1,1,1,1,2/19/2025 13:32,2/19/2025 15:36,195,239,"2,600",6,1,6,0,0,
502,25020492,6,82,1,1,1,1,2/28/2025 9:18,2/28/2025 11:55,195,810,"4,800",7,2,20,6,644,
156,25020294,5,37,1,1,1,1,2/17/2025 10:40,2/17/2025 12:20,196,589,"1,600",5,2,12,0,393,
17,25010729,2,4,1,1,1,1,2/12/2025 14:56,2/11/2025 17:32,197,970,"3,100",3,1,5,0,755,
472,25020610,3,88,1,1,1,1,2/27/2025 8:59,2/27/2025 11:39,197,906,"4,070",3,1,6,0,700,
597,25020752,3,102,1,1,1,1,3/3/2025 16:26,3/3/2025 17:49,197,983,"3,980",2,1,5,4,781,
1600,25030697,5,300,1,1,1,1,3/25/2025 21:48,3/26/2025 0:41,197,197,2100,11,1,11,3,0,
254,25020362,5,60,1,1,1,1,2/19/2025 13:32,2/19/2025 16:16,198,1180,"2,600",6,1,6,0,944,
78,25020118,2,13,1,1,1,1,2/14/2025 11:37,2/14/2025 14:06,200,200,"11,200",3,1,5,0,0,
762,25020838,5,138,1,1,1,1,3/6/2025 21:21,3/6/2025 22:39,200,200,6100,6,2,25,12,0,
1138,25030350,5,201,1,1,1,1,3/17/2025 10:01,3/17/2025 12:04,200,1551,1500,11,1,23,0,1351,
1202,25030346,5,195,1,1,1,1,3/18/2025 6:31,3/18/2025 8:55,200,378,2000,2,1,3,0,168,
103,25020220,5,26,1,1,1,1,2/14/2025 18:00,2/14/2025 20:03,202,154,"2,000",0,0,0,0,111,
823,25030042,3,144,1,1,1,1,3/8/2025 12:29,3/8/2025 15:16,203,351,1850,0,0,4,0,143,
271,25020410,3,65,1,1,1,1,2/19/2025 16:04,2/19/2025 17:42,204,996,"1,850",2,0,3,0,777,
1092,25030282,3,192,1,1,1,1,3/15/2025 8:48,3/15/2025 11:28,204,204,5070,5,2,9,3,0,
765,25020784,5,139,1,1,1,1,3/7/2025 7:34,3/7/2025 9:02,204,929,3100,11,2,9,0,717,
1150,25030354,5,205,1,1,1,1,3/17/2025 13:51,3/17/2025 16:31,204,859,5100,9,2,11,3,655,
1765,25030817,3,334,1,1,1,1,3/28/2025 21:21,3/28/2025 23:34,205,955,1850,0,0,9,0,731,
13,25020135,3,3,1,1,1,1,2/11/2025 21:16,2/11/2025 23:03,206,719,"21,300",7,2,25,0,464,
471,25020610,3,88,1,1,1,1,2/27/2025 8:59,2/27/2025 10:12,206,522,"4,070",3,1,6,0,308,
821,25030041,3,143,1,1,1,1,3/8/2025 12:22,3/8/2025 14:28,206,559,1850,4,1,5,0,351,
632,25020711,2,110,1,1,1,1,3/4/2025 13:42,3/4/2025 15:18,207,1768,"14,700",12,4,37,12,1506,
1599,25030697,5,300,1,1,1,1,3/25/2025 21:48,3/26/2025 0:30,207,808,2100,11,1,11,3,606,
1763,25030814,3,333,1,1,1,1,3/28/2025 21:16,3/28/2025 23:16,208,1163,1850,3,2,9,0,955,
152,25020025,2,35,1,1,1,1,2/15/2025 21:10,2/15/2025 23:44,209,1407,"19,350",8,4,19,0,1167,
397,25020107,2,81,1,1,1,1,2/24/2025 14:58,2/24/2025 17:29,209,1378,"5,200",2,1,5,0,1173,
1051,25030219,2,13,1,1,1,1,3/14/2025 15:13,3/14/2025 16:24,209,1329,5500,3,1,20,5,1120,
273,25020411,3,66,1,1,1,1,2/19/2025 16:56,2/19/2025 18:24,210,792,"1,850",6,4,10,0,559,
1665,25030684,3,314,1,1,1,1,3/26/2025 19:37,3/26/2025 21:22,210,1086,4000,3,0,4,3,869,
1329,25030351,5,240,1,1,1,1,3/15/2025 9:44,3/15/2025 11:46,210,969,1800,0,0,0,0,759,
1332,25030352,5,241,1,1,1,1,3/15/2025 9:47,3/15/2025 12:22,210,759,1800,0,0,0,0,496,
392,25020107,2,81,1,1,1,1,2/24/2025 13:54,2/24/2025 16:16,211,750,"1,400",3,1,15,0,539,
1757,25030488,2,179,1,1,1,1,3/28/2025 17:44,3/28/2025 19:18,211,1485,40600,17,5,65,35,1220,
804,25030026,3,3,1,1,1,1,3/7/2025 21:44,3/7/2025 23:14,211,211,11050,5,1,10,6,0,
184,25020395,5,44,1,1,1,1,2/19/2025 13:15,2/19/2025 14:23,211,481,"1,500",8,1,16,0,241,
246,25020395,5,44,1,1,1,1,2/19/2025 13:26,2/19/2025 16:17,211,481,"1,500",8,1,16,0,241,
310,25020409,2,2,1,1,1,1,2/20/2025 17:35,2/20/2025 20:04,212,1349,"21,700",3,1,20,0,1068,
157,25020295,5,38,1,1,1,1,2/17/2025 10:50,2/17/2025 12:07,212,484,"1,500",0,0,0,0,237,
806,25030106,5,84,1,1,1,1,3/7/2025 21:47,3/8/2025 0:03,213,714,2800,4,1,4,0,501,
293,25020409,2,2,1,1,1,1,2/20/2025 13:43,2/20/2025 16:36,215,1367,"35,000",31,7,21,0,1121,
296,25020409,2,2,1,1,1,1,2/20/2025 13:43,2/20/2025 16:28,215,1507,"35,000",31,7,21,0,1244,
883,25030034,3,162,1,1,1,1,3/10/2025 12:14,3/10/2025 13:39,215,395,5070,5,1,12,0,169,
1263,25030377,5,82,1,1,1,1,3/19/2025 7:00,3/19/2025 8:07,216,597,1600,4,1,3,0,379,
1496,25030498,2,1,1,1,1,1,3/22/2025 15:36,3/22/2025 17:03,217,513,1750,0,0,0,5,410,
1498,25030498,2,1,1,1,1,1,3/22/2025 15:37,3/22/2025 17:07,217,513,1750,0,0,0,5,410,
349,25020074,6,1,1,1,1,1,2/22/2025 9:08,2/22/2025 10:47,218,1012,200,1,321,2,6,564,
426,25020387,6,82,1,1,1,1,2/25/2025 14:05,2/25/2025 15:39,218,218,"5,000",10,2,30,4,0,
284,25020433,2,68,1,1,1,1,2/19/2025 21:47,2/19/2025 23:11,219,219,"11,900",4,2,26,0,0,
95,25020216,5,22,1,1,1,1,2/14/2025 16:29,2/14/2025 18:59,219,407,"2,300",0,0,0,0,0,
159,25020296,5,39,1,1,1,1,2/17/2025 12:25,2/17/2025 15:14,219,744,"1,550",0,0,0,0,525,
1454,25030606,5,278,1,1,1,1,3/21/2025 17:40,3/21/2025 20:13,219,"1,314",1500,0,0,0,0,"1,080",
38,25020075,2,1,1,1,1,1,2/13/2025 13:48,2/13/2025 16:34,220,1363,"42,700",26,3,15,0,1167,
807,25030106,5,84,1,1,1,1,3/7/2025 21:47,3/8/2025 0:35,220,1578,2800,4,1,4,0,1348,
1161,25030320,5,121,1,1,1,1,3/17/2025 14:05,3/17/2025 15:48,220,466,2200,19,3,30,3,241,
16,25010729,2,4,1,1,1,1,2/12/2025 14:56,2/11/2025 17:32,222,452,"3,100",3,1,5,0,219,
1316,25030386,2,179,1,1,1,1,3/19/2025 21:44,3/20/2025 0:30,222,1266,12600,18,3,25,10,1051,
1140,25030351,5,202,1,1,1,1,3/17/2025 13:34,3/17/2025 15:44,222,1351,1800,0,0,0,0,1129,
1142,25030352,5,203,1,1,1,1,3/17/2025 13:38,3/17/2025 16:09,222,1129,1800,0,0,0,0,907,
1237,25030315,5,224,1,1,1,1,3/18/2025 15:09,3/18/2025 17:38,223,479,2000,0,0,0,0,240,
882,25030034,3,162,1,1,1,1,3/10/2025 12:14,3/10/2025 15:03,224,372,5070,5,1,12,0,147,
1228,25030272,3,91,1,1,1,1,3/18/2025 12:41,3/18/2025 13:53,225,225,3100,2,1,7,3,0,
161,25020298,5,40,1,1,1,1,2/17/2025 12:30,2/17/2025 13:42,225,525,"1,550",4,0,7,0,306,
163,25020298,5,40,1,1,1,1,2/17/2025 12:42,2/17/2025 14:17,225,525,"1,550",4,0,7,0,293,
470,25020405,2,13,1,1,1,1,2/27/2025 7:59,2/27/2025 10:28,227,1493,"10,700",2,1,5,5,1266,
1357,25030386,2,179,1,1,1,1,3/20/2025 16:07,3/20/2025 17:45,229,229,44100,14,4,21,30,0,
102,25020220,5,26,1,1,1,1,2/14/2025 18:00,2/14/2025 19:17,229,982,"2,000",0,0,0,0,0,
1013,25020547,5,179,1,1,1,1,3/13/2025 16:21,3/13/2025 17:51,229,861,11900,11,4,22,11,648,
1054,25030233,5,1,1,1,1,1,3/14/2025 16:02,3/14/2025 17:29,229,1334,5500,11,2,2,5,1108,
595,25020753,3,101,1,1,1,1,3/3/2025 15:19,3/3/2025 17:41,230,899,"3,980",2,1,5,0,665,
1326,25030350,5,239,1,1,1,1,3/15/2025 9:42,3/15/2025 12:31,230,608,1500,0,0,34,0,378,
598,25020752,3,102,1,1,1,1,3/3/2025 16:26,3/3/2025 17:28,231,673,"3,980",2,1,5,4,431,
337,25020184,2,13,1,1,1,1,2/21/2025 13:47,2/21/2025 15:41,232,1572,"9,800",0,0,5,0,1270,
999,25030215,3,178,1,1,1,1,3/13/2025 9:05,3/13/2025 10:16,232,232,12620,3,1,12,3,0,
1659,25030683,3,313,1,1,1,1,3/26/2025 17:48,3/26/2025 18:59,232,808,4000,2,2,6,0,576,
1666,25030684,3,314,1,1,1,1,3/26/2025 19:37,3/26/2025 20:38,232,576,4000,3,0,4,3,319,
890,25010745,5,163,1,1,1,1,3/10/2025 13:38,3/10/2025 14:59,232,414,2800,24,3,15,0,193,
891,25010745,5,163,1,1,1,1,3/10/2025 13:38,3/10/2025 15:04,234,1495,2800,24,3,15,0,1262,
408,25020596,2,83,1,1,1,1,2/24/2025 19:34,2/24/2025 20:51,235,1785,"10,100",4,2,10,0,1550,
240,25020263,3,55,1,1,1,1,2/18/2025 21:36,2/18/2025 22:53,235,1337,"4,000",3,1,6,0,1088,
719,25020630,2,13,1,1,1,1,3/6/2025 8:58,3/6/2025 10:39,236,236,10250,17,4,30,10,0,
822,25030042,3,144,1,1,1,1,3/8/2025 12:29,3/8/2025 13:37,236,649,1850,0,0,4,0,407,
831,25020825,5,1,1,1,1,1,3/8/2025 13:51,3/8/2025 14:54,236,236,15050,21,4,48,9,0,
395,25020387,6,82,1,1,1,1,2/24/2025 14:02,2/24/2025 16:47,236,454,"2,400",3,2,12,2,218,
155,25020294,5,37,1,1,1,1,2/17/2025 10:40,2/17/2025 11:53,237,484,"1,600",5,2,12,0,611,
1231,25030274,3,12,1,1,1,1,3/18/2025 13:37,3/18/2025 16:30,238,238,2450,2,1,6,3,0,
581,25020546,2,13,1,1,1,1,3/3/2025 13:21,3/3/2025 15:33,239,239,"40,600",11,7,38,36,0,
1764,25030817,3,334,1,1,1,1,3/28/2025 21:21,3/28/2025 22:33,239,1017,1850,0,0,9,0,728,
297,25020269,3,69,1,1,1,1,2/20/2025 13:55,2/20/2025 15:58,240,240,"27,650",6,1,23,0,0,
820,25030041,3,143,1,1,1,1,3/8/2025 12:22,3/8/2025 13:35,240,891,1850,4,1,5,0,649,
305,25020487,3,71,1,1,1,1,2/20/2025 17:12,2/20/2025 20:07,241,241,"10,110",3,2,12,0,0,
1290,25030274,3,12,1,1,1,1,3/19/2025 17:48,3/19/2025 20:01,241,718,2650,3,1,9,3,466,
657,25020711,2,110,1,1,1,1,3/4/2025 20:00,3/4/2025 22:30,242,242,16350,16,3,50,15,0,
1762,25030814,3,333,1,1,1,1,3/28/2025 21:16,3/28/2025 23:26,242,1259,1850,3,2,9,0,1017,
251,25020235,5,58,1,1,1,1,2/19/2025 13:29,2/19/2025 16:10,242,747,"2,100",5,1,5,0,339,
1136,25030349,5,200,1,1,1,1,3/17/2025 9:52,3/17/2025 12:02,242,1793,1850,13,3,17,0,1551,
250,25020235,5,58,1,1,1,1,2/19/2025 13:29,2/19/2025 15:18,243,575,"2,100",5,1,5,0,496,
1137,25030350,5,201,1,1,1,1,3/17/2025 10:01,3/17/2025 11:56,243,1322,1500,11,1,23,0,1079,
479,25020406,2,13,1,1,1,1,2/27/2025 13:47,2/27/2025 16:36,244,244,"33,550",28,1,23,35,0,
272,25020411,3,66,1,1,1,1,2/19/2025 16:56,2/19/2025 18:23,245,1170,"1,850",6,4,10,0,891,
649,25020493,5,111,1,1,1,1,3/4/2025 16:13,3/4/2025 18:25,245,245,9500,16,2,50,10,0,
239,25020263,3,55,1,1,1,1,2/18/2025 21:36,2/18/2025 22:44,246,553,"4,000",3,1,6,0,289,
1325,25030349,5,238,1,1,1,1,3/15/2025 9:39,3/15/2025 12:12,246,1405,1850,23,2,46,0,1159,
276,25020273,2,62,1,1,1,1,2/19/2025 17:19,2/19/2025 18:48,249,1435,"17,150",10,3,32,0,1132,
1286,25020830,2,179,1,1,1,1,3/19/2025 13:47,3/19/2025 15:07,249,1569,25000,2,2,11,20,1320,
780,25030026,3,3,1,1,1,1,3/7/2025 13:47,3/7/2025 16:13,249,249,23000,8,1,40,7,0,
12,25020135,3,3,1,1,1,1,2/11/2025 21:16,2/11/2025 23:48,253,253,"21,300",7,2,25,0,0,
1230,25030272,3,91,1,1,1,1,3/18/2025 12:41,3/18/2025 14:19,253,440,3100,2,1,7,3,177,
1328,25030351,5,240,1,1,1,1,3/15/2025 9:44,3/15/2025 10:52,253,378,1800,0,0,0,0,125,
1153,25030354,5,206,1,1,1,1,3/17/2025 13:53,3/17/2025 15:05,255,594,5100,0,0,0,0,346,
288,25020433,2,68,1,1,1,1,2/20/2025 7:33,2/20/2025 8:54,256,1286,"13,350",2,1,4,0,1037,
661,25020711,2,110,1,1,1,1,3/4/2025 20:00,3/4/2025 21:30,256,1772,16350,16,3,50,15,1450,
594,25020753,3,101,1,1,1,1,3/3/2025 15:19,3/3/2025 17:50,256,314,"3,980",2,1,5,0,56,
992,25030092,5,13,1,1,1,1,3/12/2025 21:51,3/12/2025 22:58,256,1306,43400,26,4,34,35,1152,
1000,25030215,3,178,1,1,1,1,3/13/2025 9:05,3/13/2025 10:19,257,1065,12620,3,1,12,3,784,
553,25020388,6,95,1,1,1,1,3/1/2025 10:09,3/1/2025 12:21,258,258,"4,200",4,1,15,6,0,
1658,25030683,3,313,1,1,1,1,3/26/2025 17:48,3/26/2025 19:17,259,308,4000,2,2,6,0,49,
887,25020556,5,94,1,1,1,1,3/10/2025 13:29,3/10/2025 15:11,259,1442,29400,24,3,55,24,1099,
1321,25030320,5,121,1,1,1,1,3/15/2025 8:58,3/15/2025 11:50,260,260,2900,9,2,11,0,0,
593,25020710,2,1,1,1,1,1,3/3/2025 13:52,3/3/2025 16:29,261,760,"2,800",3,1,5,6,501,
1094,25030234,2,1,1,1,1,1,3/15/2025 9:18,3/15/2025 10:54,261,261,18900,7,3,15,12,0,
590,25020697,3,100,1,1,1,1,3/3/2025 13:37,3/3/2025 16:25,263,263,"6,100",3,2,6,0,0,
94,25020216,5,22,1,1,1,1,2/14/2025 16:29,2/14/2025 18:13,263,982,"2,300",0,0,0,0,0,
1374,25030387,2,179,1,1,1,1,3/20/2025 17:51,3/20/2025 20:24,264,"1,282",8650,5,2,12,12,1181,
458,25020387,6,82,1,1,1,1,2/26/2025 19:09,2/26/2025 21:01,264,896,"6,000",14,2,37,6,633,
1151,25030354,5,205,1,1,1,1,3/17/2025 13:51,3/17/2025 16:10,265,859,5100,9,2,11,3,594,
931,25030095,5,2,1,1,1,1,3/11/2025 16:38,3/11/2025 18:15,266,258,2800,11,2,9,5,0,
752,25030030,3,137,1,1,1,1,3/6/2025 19:03,3/6/2025 20:45,267,267,6600,5,2,10,3,0,
1139,25030351,5,202,1,1,1,1,3/17/2025 13:34,3/17/2025 15:50,267,1079,1800,0,0,0,0,812,
1141,25030352,5,203,1,1,1,1,3/17/2025 13:38,3/17/2025 15:58,267,812,1800,0,0,0,0,545,
556,25020388,6,95,1,1,1,1,3/1/2025 10:09,3/1/2025 12:44,267,303,"4,200",4,1,15,6,0,
1323,25030320,5,121,1,1,1,1,3/15/2025 8:58,3/15/2025 10:10,268,754,2900,9,2,11,0,466,
283,25020434,2,67,1,1,1,1,2/19/2025 20:22,2/19/2025 22:29,270,1432,"14,050",11,2,28,0,1184,
637,25020493,5,111,1,1,1,1,3/4/2025 13:46,3/4/2025 16:00,271,271,"38,400",11,5,48,39,0,
149,25020025,2,35,1,1,1,1,2/15/2025 21:10,2/15/2025 22:52,273,273,"19,350",8,4,19,0,0,
1111,25030346,6,195,1,1,1,1,3/15/2025 13:56,3/15/2025 16:50,273,273,7200,3,1,6,3,0,
524,25020634,2,18,1,1,1,1,2/28/2025 23:07,3/1/2025 1:11,275,275,"27,050",25,7,20,30,0,
82,25020142,3,11,1,1,1,1,2/14/2025 11:48,2/14/2025 14:22,275,275,"22,300",9,2,30,0,0,
805,25030026,3,3,1,1,1,1,3/7/2025 21:44,3/7/2025 23:45,275,734,11050,5,1,10,6,322,
555,25020634,2,18,1,1,1,1,3/1/2025 9:57,3/1/2025 11:43,276,1645,"23,100",14,2,30,20,1321,
209,25020330,3,48,1,1,1,1,2/18/2025 13:28,2/18/2025 15:08,276,578,"8,000",3,1,3,0,195,
427,25020387,6,82,1,1,1,1,2/25/2025 14:05,2/25/2025 16:36,276,908,"5,000",10,2,30,4,633,
1622,25030742,3,307,1,1,1,1,3/26/2025 11:42,3/26/2025 13:28,280,280,15200,4,2,24,10,0,
1608,25030689,5,302,1,1,1,1,3/25/2025 21:56,3/25/2025 23:45,282,719,5100,5,1,15,3,441,
400,25020453,2,83,1,1,1,1,2/24/2025 16:32,2/24/2025 18:38,284,1545,"15,150",4,2,15,0,1261,
127,25020274,2,2,1,1,1,1,2/15/2025 13:45,2/15/2025 15:22,285,1384,"30,800",4,1,20,0,1124,
1849,25030726,2,83,1,1,1,1,3/30/2025 4:36,3/30/2025 5:44,286,1542,8400,4,0,14,16,1224,
592,25020710,2,1,1,1,1,1,3/3/2025 13:52,3/3/2025 16:11,287,334,"2,800",3,1,5,6,0,
1509,25030418,2,35,1,1,1,1,3/22/2025 18:38,3/22/2025 20:11,288,288,6050,0,0,0,5,0,
802,25030026,3,3,1,1,1,1,3/7/2025 21:44,3/8/2025 0:19,292,292,11050,5,1,10,6,0,
506,25020603,6,92,1,1,1,1,2/28/2025 13:31,2/28/2025 15:11,292,292,"4,100",6,1,18,3,0,
1135,25030349,5,200,1,1,1,1,3/17/2025 9:52,3/17/2025 12:03,293,1615,1850,13,3,17,0,1322,
914,25030095,5,2,1,1,1,1,3/10/2025 21:50,3/10/2025 23:23,294,"1,245",9800,0,0,21,5,998,
1152,25030354,5,206,1,1,1,1,3/17/2025 13:53,3/17/2025 15:27,295,655,5100,0,0,0,0,348,
327,25020276,2,1,1,1,1,1,2/21/2025 12:27,2/21/2025 14:50,297,1324,"34,300",21,4,21,0,1027,
1539,25030609,2,94,1,1,1,1,3/24/2025 21:50,3/24/2025 23:35,297,297,39200,25,5,43,42,0,
1259,25030377,5,82,1,1,1,1,3/18/2025 21:54,3/18/2025 23:16,297,821,18600,19,2,50,15,597,
439,25020404,2,13,1,1,1,1,2/25/2025 21:46,2/26/2025 0:11,298,1508,"16,800",8,2,10,10,1210,
1850,25030726,2,83,1,1,1,1,3/30/2025 4:36,3/30/2025 6:44,298,298,8400,4,0,14,16,0,
519,25020634,2,18,1,1,1,1,2/28/2025 17:42,2/28/2025 20:03,299,723,"2,700",3,1,28,0,427,
154,25020294,5,36,1,1,1,1,2/17/2025 9:42,2/17/2025 11:19,299,1264,"1,600",25,3,215,0,311,
1870,25030914,2,13,1,1,1,1,3/31/2025 17:47,3/31/2025 20:18,300,1480,44100,29,6,67,30,1088,
1236,25030314,5,223,1,1,1,1,3/18/2025 15:04,3/18/2025 17:12,300,1006,3100,1,1,1,0,689,
1324,25030349,5,238,1,1,1,1,3/15/2025 9:39,3/15/2025 11:11,301,909,1850,23,2,46,0,608,
1392,25030387,2,179,1,1,1,1,3/20/2025 23:30,3/21/2025 0:55,303,"1,270",32150,22,5,60,30,1085,
1876,25030914,2,13,1,1,1,1,3/31/2025 20:41,3/31/2025 22:50,303,303,12600,8,2,25,10,0,
859,25020556,5,94,1,1,1,1,3/8/2025 21:48,3/8/2025 23:04,304,1448,27300,37,6,71,30,1064,
589,25020697,3,100,1,1,1,1,3/3/2025 13:37,3/3/2025 15:04,305,579,"6,100",3,2,6,0,267,
520,25020603,6,92,1,1,1,1,2/28/2025 21:17,2/28/2025 22:27,305,305,"4,200",7,1,20,3,0,
783,25030026,3,3,1,1,1,1,3/7/2025 13:47,3/7/2025 16:01,306,712,23000,8,1,40,7,292,
105,25020142,3,11,1,1,1,1,2/14/2025 18:57,2/14/2025 20:24,309,309,"7,700",5,1,10,0,0,
1091,25030282,3,192,1,1,1,1,3/15/2025 8:48,3/15/2025 9:56,310,804,5070,5,2,9,3,484,
49,25020169,3,12,1,1,1,1,2/13/2025 16:10,2/13/2025 18:55,312,692,"4,100",3,1,3,0,368,
1697,25030775,3,320,1,1,1,1,3/27/2025 9:03,3/27/2025 10:16,313,313,910,2,0,3,3,207,
676,25020744,5,122,1,1,1,1,3/5/2025 9:56,3/5/2025 12:20,314,779,5100,11,3,21,3,489,
803,25030026,3,3,1,1,1,1,3/7/2025 21:44,3/7/2025 23:32,315,362,11050,5,1,10,6,0,
74,25020117,2,13,1,1,1,1,2/14/2025 9:23,2/14/2025 10:49,318,318,"18,900",22,4,8,0,0,
1268,25020829,2,179,1,1,1,1,3/19/2025 9:07,3/19/2025 10:44,323,323,18900,12,6,25,20,0,
175,25020142,3,11,1,1,1,1,2/17/2025 19:29,2/17/2025 21:11,323,323,"25,350",3,10,30,0,0,
226,25020325,3,52,1,1,1,1,2/18/2025 19:08,2/18/2025 22:01,324,764,"4,450",2,0,4,0,194,
1790,25030499,2,1,1,1,1,1,3/29/2025 12:33,3/29/2025 13:34,326,326,38300,10,5,30,35,0,
317,25020276,2,1,1,1,1,1,2/20/2025 21:47,2/21/2025 0:22,327,1379,"22,400",2,1,22,0,1206,
707,25020629,2,13,1,1,1,1,3/5/2025 17:44,3/5/2025 20:05,327,327,24400,15,2,15,25,0,
485,25020406,2,13,1,1,1,1,2/27/2025 13:47,2/27/2025 15:50,328,1490,"33,550",28,1,23,35,1075,
1271,25030378,5,95,1,1,1,1,3/19/2025 9:53,3/19/2025 12:25,329,329,14150,3,2,4,9,0,
394,25020387,6,82,1,1,1,1,2/24/2025 14:02,2/24/2025 15:47,329,342,"2,400",3,2,12,2,0,
457,25020387,6,82,1,1,1,1,2/26/2025 19:09,2/26/2025 20:39,331,331,"6,000",14,2,37,6,0,
1396,25030391,2,94,1,1,1,1,3/21/2025 1:59,3/21/2025 4:52,332,332,15000,8,2,12,18,0,
1476,25030388,2,179,1,1,1,1,3/22/2025 4:59,3/22/2025 7:48,333,333,56700,25,6,98,54,0,
628,25020632,2,56,1,1,1,1,3/4/2025 10:39,3/4/2025 13:24,335,1708,"15,520",6,3,20,10,1373,
1086,25030234,2,1,1,1,1,1,3/14/2025 21:46,3/14/2025 23:56,335,1593,37800,20,8,52,35,1178,
302,25020269,3,69,1,1,1,1,2/20/2025 13:55,2/20/2025 15:01,335,597,"27,650",6,1,23,0,263,
1511,25030418,2,35,1,1,1,1,3/22/2025 18:38,3/22/2025 20:45,336,1192,6050,0,0,0,5,858,
760,25020630,5,13,1,1,1,1,3/6/2025 19:46,3/6/2025 22:41,338,338,25750,32,2,64,25,0,
838,25020825,5,1,1,1,1,1,3/8/2025 15:50,3/8/2025 17:12,338,323,7800,12,2,50,18,0,
331,25020109,5,73,1,1,1,1,2/21/2025 13:46,2/21/2025 14:57,339,339,"3,950",7,1,9,0,0,
417,25020505,2,2,1,1,1,1,2/25/2025 13:50,2/25/2025 16:46,340,340,"38,500",15,3,35,30,0,
512,25020389,2,93,1,1,1,1,2/28/2025 17:02,2/28/2025 19:15,341,341,"38,350",47,5,83,60,0,
333,25020109,5,73,1,1,1,1,2/21/2025 13:46,2/21/2025 16:22,341,210,"3,950",7,1,9,0,0,
742,25020800,5,2,1,1,1,1,3/6/2025 13:54,3/6/2025 15:29,342,342,38750,44,7,48,30,0,
1235,25030314,5,223,1,1,1,1,3/18/2025 15:04,3/18/2025 16:46,347,848,3100,1,1,1,0,479,
227,25020325,3,52,1,1,1,1,2/18/2025 19:08,2/18/2025 20:55,348,702,"4,450",2,0,4,0,284,
794,25030026,3,3,1,1,1,1,3/6/2025 16:07,3/6/2025 18:56,349,763,8000,3,0,6,0,396,
522,25020603,6,92,1,1,1,1,2/28/2025 21:17,3/1/2025 0:00,351,757,"4,200",7,1,20,3,406,
840,25020825,5,1,1,1,1,1,3/8/2025 15:50,3/8/2025 17:09,357,1530,7800,12,2,50,18,1171,
1848,25030726,2,83,1,1,1,1,3/30/2025 4:36,3/30/2025 6:43,358,358,8400,4,0,14,16,0,
754,25030030,3,137,1,1,1,1,3/6/2025 19:03,3/6/2025 21:16,358,375,6600,5,2,10,3,0,
930,25030095,5,2,1,1,1,1,3/11/2025 16:38,3/11/2025 18:17,358,731,2800,11,2,9,5,392,
117,25020118,2,13,1,1,1,1,2/15/2025 8:16,2/15/2025 10:46,359,1605,"9,100",15,2,20,0,1250,
1523,25030498,2,1,1,1,1,1,3/23/2025 4:22,3/23/2025 5:22,361,361,21500,6,2,19,15,0,
1683,25030495,2,2,1,1,1,1,3/27/2025 5:51,3/27/2025 7:56,361,1293,28700,22,3,39,20,1043,
1334,25030372,3,242,1,1,1,1,3/20/2025 13:12,3/20/2025 15:48,361,631,16200,3,1,21,9,255,
48,25020169,3,12,1,1,1,1,2/13/2025 16:10,2/13/2025 18:18,363,623,"4,100",3,1,3,0,238,
488,25020406,2,13,1,1,1,1,2/27/2025 17:26,2/27/2025 18:39,365,1239,"23,200",7,5,15,15,915,
31,25020075,2,1,1,1,1,1,2/12/2025 21:07,2/12/2025 22:02,366,1364,"14,000",10,4,18,0,970,
1851,25030726,2,83,1,1,1,1,3/30/2025 4:36,3/30/2025 7:25,366,1734,8400,4,0,14,16,1311,
212,25020183,2,13,1,1,1,1,2/18/2025 13:43,2/18/2025 15:09,371,357,"18,400",7,3,12,0,0,
1793,25030499,2,1,1,1,1,1,3/29/2025 12:33,3/29/2025 14:10,371,371,38300,10,5,30,35,0,
563,25020388,5,95,1,1,1,1,3/2/2025 0:11,3/2/2025 2:28,378,805,"5,900",8,1,30,3,401,
979,25030092,5,13,1,1,1,1,3/12/2025 13:56,3/12/2025 15:03,378,392,13300,6,1,73,15,0,
153,25020294,5,36,1,1,1,1,2/17/2025 9:42,2/17/2025 11:36,379,1606,"1,600",25,3,215,0,491,
984,25030139,3,69,1,1,1,1,3/12/2025 21:44,3/13/2025 0:08,381,648,28500,10,3,37,9,199,
758,25020630,5,13,1,1,1,1,3/6/2025 19:46,3/6/2025 21:03,382,1291,25750,32,2,64,25,916,
1753,25030488,2,179,1,1,1,1,3/28/2025 17:44,3/28/2025 20:39,383,383,40600,17,5,65,35,0,
1566,25030459,2,292,1,1,1,1,3/25/2025 11:57,3/25/2025 14:35,384,1555,18200,5,2,10,12,1161,
238,25020183,2,13,1,1,1,1,2/18/2025 20:27,2/18/2025 23:01,385,1566,"38,300",12,2,23,0,1012,
895,25030029,3,11,1,1,1,1,3/10/2025 13:52,3/10/2025 16:00,385,1127,8000,7,2,20,4,717,
73,25020117,2,13,1,1,1,1,2/14/2025 9:23,2/14/2025 11:17,386,1322,"18,900",22,4,8,0,941,
839,25020825,5,1,1,1,1,1,3/8/2025 15:50,3/8/2025 18:27,388,388,7800,12,2,50,18,0,
1585,25030300,2,295,1,1,1,1,3/25/2025 15:21,3/25/2025 18:00,389,389,5800,3,2,5,3,0,
799,25020631,5,13,1,1,1,1,3/7/2025 21:18,3/7/2025 23:59,389,389,34300,14,2,60,30,0,
1287,25030419,5,229,1,1,1,1,3/19/2025 16:06,3/19/2025 17:39,389,389,10150,5,1,10,5,0,
170,25020275,2,31,1,1,1,1,2/17/2025 14:03,2/17/2025 15:33,393,393,"10,100",16,2,35,0,0,
140,25020285,3,33,1,1,1,1,2/15/2025 19:24,2/15/2025 20:39,393,1016,"5,050",0,0,0,0,664,
813,25030107,5,83,1,1,1,1,3/8/2025 11:40,3/8/2025 13:56,393,393,30250,9,2,13,11,0,
1397,25030391,2,94,1,1,1,1,3/21/2025 1:59,3/21/2025 4:42,394,1455,15000,8,2,12,18,1043,
782,25030026,3,3,1,1,1,1,3/7/2025 13:47,3/7/2025 16:32,396,396,23000,8,1,40,7,0,
902,25020825,5,1,1,1,1,1,3/10/2025 19:56,3/10/2025 22:29,400,1541,33850,12,3,34,25,1166,
518,25020634,2,18,1,1,1,1,2/28/2025 17:42,2/28/2025 20:16,401,626,"2,700",3,1,28,0,275,
1502,25030418,2,35,1,1,1,1,3/22/2025 16:22,3/22/2025 17:26,401,411,7100,7,2,9,5,0,
1745,25030487,2,179,1,1,1,1,3/28/2025 5:53,3/28/2025 7:43,401,1576,30800,17,3,34,20,1144,
1855,25030726,2,83,1,1,1,1,3/31/2025 9:00,3/31/2025 11:51,401,1733,21900,19,2,13,10,1240,
863,25020784,5,139,1,1,1,1,3/6/2025 21:55,3/7/2025 0:33,402,415,7000,6,1,25,5,0,
1480,25030388,2,179,1,1,1,1,3/22/2025 4:59,3/22/2025 6:51,403,1270,56700,25,6,98,54,867,
1193,25030385,3,166,1,1,1,1,3/17/2025 21:41,3/17/2025 22:43,404,1390,9000,6,1,15,0,957,
900,25020825,5,1,1,1,1,1,3/10/2025 19:56,3/10/2025 21:40,405,1302,33850,12,3,34,25,966,
359,25020185,2,13,1,1,1,1,2/22/2025 15:40,2/22/2025 17:50,406,406,"9,800",2,1,5,10,0,
300,25020269,3,69,1,1,1,1,2/20/2025 13:55,2/20/2025 16:04,406,406,"27,650",6,1,23,0,0,
560,25020633,5,2,1,1,1,1,3/1/2025 15:12,3/1/2025 18:03,408,408,"21,150",20,4,32,20,0,
1318,25030576,3,237,1,1,1,1,3/20/2025 7:49,3/20/2025 9:23,409,486,7600,3,1,14,3,60,
1515,25030223,2,2,1,1,1,1,3/23/2025 3:13,3/23/2025 5:48,410,410,28950,10,3,20,30,0,
440,25020404,2,13,1,1,1,1,2/26/2025 12:56,2/26/2025 14:21,411,411,"39,900",34,4,24,30,0,
45,25020142,3,11,1,1,1,1,2/13/2025 13:52,2/13/2025 16:36,412,1293,"31,600",16,0,10,0,834,
249,25020227,5,57,1,1,1,1,2/19/2025 13:28,2/19/2025 15:33,413,540,"3,470",6,1,6,0,108,
567,25020633,2,2,1,1,1,1,3/2/2025 0:45,3/2/2025 2:25,415,1297,"35,550",33,7,45,35,882,
248,25020227,5,57,1,1,1,1,2/19/2025 13:28,2/19/2025 16:05,415,590,"3,470",6,1,6,0,175,
176,25020142,3,11,1,1,1,1,2/17/2025 19:29,2/17/2025 22:08,417,417,"25,350",3,10,30,0,0,
503,25020492,6,82,1,1,1,1,2/28/2025 9:18,2/28/2025 11:11,417,417,"4,800",7,2,20,6,0,
677,25020744,5,122,1,1,1,1,3/5/2025 9:56,3/5/2025 12:34,418,496,5100,11,3,21,3,70,
1818,25030489,2,179,1,1,1,1,3/29/2025 17:45,3/29/2025 19:56,420,420,28000,26,5,60,20,0,
1824,25030489,2,179,1,1,1,1,3/29/2025 17:54,3/29/2025 20:24,420,420,28000,26,5,60,20,0,
843,25030031,3,147,1,1,1,1,3/8/2025 17:08,3/8/2025 18:39,421,971,7630,4,2,18,4,548,
77,25020118,2,13,1,1,1,1,2/14/2025 11:37,2/14/2025 13:56,422,1372,"11,200",3,1,5,0,933,
1602,25030390,2,179,1,1,1,1,3/25/2025 21:49,3/26/2025 0:42,426,426,10500,8,2,9,5,0,
1684,25030495,2,2,1,1,1,1,3/27/2025 5:51,3/27/2025 6:55,426,426,28700,22,3,39,20,0,
1607,25030689,5,302,1,1,1,1,3/25/2025 21:56,3/25/2025 23:57,426,426,5100,5,1,15,3,0,
527,25020634,2,18,1,1,1,1,2/28/2025 23:07,3/1/2025 1:48,427,427,"27,050",25,7,20,30,0,
756,25020630,5,13,1,1,1,1,3/6/2025 19:46,3/6/2025 21:24,427,427,25750,32,2,64,25,0,
809,25030106,5,84,1,1,1,1,3/8/2025 8:50,3/8/2025 11:27,428,1555,12350,5,2,7,5,1138,
362,25020185,2,13,1,1,1,1,2/22/2025 15:40,2/22/2025 17:19,429,1568,"9,800",2,1,5,10,1147,
1853,25030726,2,83,1,1,1,1,3/31/2025 9:00,3/31/2025 11:26,429,1537,21900,19,2,13,10,1012,
1611,25030691,5,303,1,1,1,1,3/25/2025 22:01,3/26/2025 0:05,433,1062,5100,8,1,16,0,434,
1837,25030489,2,179,1,1,1,1,3/29/2025 23:11,3/30/2025 0:25,434,434,28500,29,4,47,26,0,
793,25030026,3,3,1,1,1,1,3/6/2025 16:07,3/6/2025 17:42,435,712,8000,3,0,6,0,249,
1637,25030390,2,179,1,1,1,1,3/26/2025 13:41,3/26/2025 16:28,436,436,46200,15,2,25,40,0,
1610,25030691,5,303,1,1,1,1,3/25/2025 22:01,3/26/2025 0:33,438,942,5100,8,1,16,0,538,
1112,25030346,6,195,1,1,1,1,3/15/2025 13:56,3/15/2025 15:43,442,822,7200,3,1,6,3,378,
896,25030029,3,11,1,1,1,1,3/10/2025 13:52,3/10/2025 15:33,443,455,8000,7,2,20,4,0,
1592,25030634,2,292,1,1,1,1,3/25/2025 20:20,3/25/2025 22:01,448,1556,20200,5,3,9,11,1092,
953,25020831,5,94,1,1,1,1,3/11/2025 21:56,3/12/2025 0:37,448,1455,31000,43,5,51,30,959,
1501,25030418,2,35,1,1,1,1,3/22/2025 16:22,3/22/2025 17:49,452,717,7100,7,2,9,5,288,
1267,25020829,2,179,1,1,1,1,3/19/2025 9:07,3/19/2025 10:22,454,1346,18900,12,6,25,20,892,
933,25030029,3,11,1,1,1,1,3/11/2025 19:10,3/11/2025 21:20,454,1132,8950,3,1,6,3,645,
862,25020784,5,139,1,1,1,1,3/6/2025 21:55,3/6/2025 23:42,454,1369,7000,6,1,25,5,929,
493,25020407,2,1,1,1,1,1,2/27/2025 21:44,2/27/2025 23:46,456,1277,"21,000",6,4,17,24,898,
1053,25030233,5,1,1,1,1,1,3/14/2025 16:02,3/14/2025 17:26,456,456,5500,11,2,2,5,0,
870,25030166,3,157,1,1,1,1,3/10/2025 8:42,3/10/2025 10:54,460,28,1230,0,0,0,4,0,
841,25030031,3,147,1,1,1,1,3/8/2025 17:08,3/8/2025 19:26,461,461,7630,4,2,18,4,0,
501,25020492,6,82,1,1,1,1,2/28/2025 9:18,2/28/2025 12:10,461,461,"4,800",7,2,20,6,0,
3,25020074,2,1,1,1,1,1,2/11/2025 14:19,2/11/2025 16:35,462,1031,"5,000",5,5,5,0,600,
1288,25030419,5,229,1,1,1,1,3/19/2025 16:06,3/19/2025 19:01,462,814,10150,5,1,10,5,302,
80,25020142,3,11,1,1,1,1,2/14/2025 11:48,2/14/2025 13:15,464,464,"22,300",9,2,30,0,0,
532,25020550,2,94,1,1,1,1,3/1/2025 5:53,3/1/2025 7:31,465,465,"33,600",25,7,21,36,0,
533,25020550,2,94,1,1,1,1,3/1/2025 5:53,3/1/2025 8:44,465,465,"33,600",25,7,21,36,0,
1584,25030300,2,295,1,1,1,1,3/25/2025 15:21,3/25/2025 16:53,467,762,5800,3,2,5,3,297,
494,25020407,2,1,1,1,1,1,2/27/2025 21:44,2/28/2025 0:30,468,415,"21,000",6,4,17,24,0,
10,25010689,2,2,1,1,1,1,2/11/2025 17:45,2/11/2025 21:13,469,1600,"5,700",12,3,21,0,1117,
779,25020631,5,13,1,1,1,1,3/7/2025 13:46,3/7/2025 16:31,469,835,21660,17,4,48,10,389,
985,25030139,3,69,1,1,1,1,3/12/2025 21:44,3/13/2025 0:40,470,470,28500,10,3,37,9,0,
361,25020185,2,13,1,1,1,1,2/22/2025 15:40,2/22/2025 16:53,471,471,"9,800",2,1,5,10,0,
415,25020628,2,85,1,1,1,1,2/25/2025 7:16,2/25/2025 9:11,471,471,"4,320",4,1,10,5,0,
1248,25020829,2,179,1,1,1,1,3/18/2025 21:50,3/18/2025 22:55,471,471,37800,16,3,20,30,0,
1567,25030459,2,292,1,1,1,1,3/25/2025 11:57,3/25/2025 13:18,472,472,18200,5,2,10,12,0,
1526,25030498,2,1,1,1,1,1,3/24/2025 14:01,3/24/2025 15:03,473,473,31600,12,2,42,30,0,
505,25020603,6,92,1,1,1,1,2/28/2025 13:31,2/28/2025 15:36,478,822,"4,100",6,1,18,3,305,
982,25030139,3,69,1,1,1,1,3/12/2025 21:44,3/13/2025 0:10,479,479,28500,10,3,37,9,0,
1050,25030219,2,13,1,1,1,1,3/14/2025 15:13,3/14/2025 16:35,481,481,5500,3,1,20,5,0,
1875,25030914,2,13,1,1,1,1,3/31/2025 20:41,3/31/2025 21:52,481,1491,12600,8,2,25,10,1010,
19,25020028,2,5,1,1,1,1,2/12/2025 16:37,2/11/2025 17:32,485,1365,"4,350",5,1,18,0,872,
116,25020118,2,13,1,1,1,1,2/15/2025 8:16,2/15/2025 10:49,485,485,"9,100",15,2,20,0,0,
934,25030029,3,11,1,1,1,1,3/11/2025 19:10,3/11/2025 20:31,485,1041,8950,3,1,6,3,539,
421,25020505,2,2,1,1,1,1,2/25/2025 13:50,2/25/2025 15:51,486,1321,"38,500",15,3,35,30,840,
777,25020631,5,13,1,1,1,1,3/7/2025 13:46,3/7/2025 15:28,487,1276,21660,17,4,48,10,836,
551,25020634,2,18,1,1,1,1,3/1/2025 9:57,3/1/2025 12:35,489,489,"23,100",14,2,30,20,0,
700,25020629,2,13,1,1,1,1,3/5/2025 13:50,3/5/2025 16:17,490,1515,21800,17,5,20,15,991,
1644,25030390,2,179,1,1,1,1,3/26/2025 13:41,3/26/2025 14:44,491,1590,46200,15,2,25,40,1099,
1049,25030233,5,1,1,1,1,1,3/14/2025 13:52,3/14/2025 15:00,492,1582,39400,32,3,100,25,973,
666,25020742,3,117,1,1,1,1,3/5/2025 8:03,3/5/2025 9:23,495,945,6350,4,1,7,0,429,
1588,25030459,2,292,1,1,1,1,3/25/2025 17:35,3/25/2025 19:27,499,1563,22100,5,3,11,11,1070,
208,25020330,3,48,1,1,1,1,2/18/2025 13:28,2/18/2025 16:22,500,1194,"8,000",3,1,3,0,796,
618,25020710,2,1,1,1,1,1,3/3/2025 21:51,3/4/2025 0:22,501,501,"44,800",23,2,90,35,0,
808,25030106,5,84,1,1,1,1,3/8/2025 8:50,3/8/2025 10:28,501,501,12350,5,2,7,5,0,
1677,25030486,2,179,1,1,1,1,3/27/2025 0:13,3/27/2025 1:19,502,502,35300,11,4,26,25,0,
450,25020387,6,82,1,1,1,1,2/26/2025 13:47,2/26/2025 16:38,503,503,"10,800",21,3,50,6,0,
1042,25030219,2,13,1,1,1,1,3/14/2025 13:49,3/14/2025 15:20,504,1588,39900,38,4,51,25,1017,
1083,25030234,2,1,1,1,1,1,3/14/2025 21:46,3/15/2025 0:35,504,504,37800,20,8,52,35,0,
1192,25030385,3,166,1,1,1,1,3/17/2025 21:41,3/18/2025 0:09,505,1263,9000,6,1,15,0,704,
517,25020389,2,93,1,1,1,1,2/28/2025 17:02,2/28/2025 18:17,509,1450,"38,350",47,5,83,60,829,
550,25020634,2,18,1,1,1,1,3/1/2025 9:57,3/1/2025 12:18,509,1446,"23,100",14,2,30,20,912,
1055,25030233,5,1,1,1,1,1,3/14/2025 16:02,3/14/2025 18:45,509,1596,5500,11,2,2,5,1070,
998,25030215,3,178,1,1,1,1,3/13/2025 9:05,3/13/2025 10:30,510,732,12620,3,1,12,3,139,
749,25020800,5,2,1,1,1,1,3/6/2025 13:54,3/6/2025 16:16,512,838,38750,44,7,48,30,338,
1052,25030219,2,13,1,1,1,1,3/14/2025 15:13,3/14/2025 17:23,513,1017,5500,3,1,20,5,504,
916,25030029,3,11,1,1,1,1,3/11/2025 13:40,3/11/2025 14:54,515,515,37000,12,3,35,12,0,
664,25020742,3,117,1,1,1,1,3/5/2025 8:03,3/5/2025 10:45,516,1170,6350,4,1,7,0,619,
1014,25020547,5,179,1,1,1,1,3/13/2025 16:21,3/13/2025 18:52,517,517,11900,11,4,22,11,0,
910,25030029,3,11,1,1,1,1,3/10/2025 21:45,3/10/2025 23:19,519,1143,35000,7,3,30,10,515,
114,25020118,2,13,1,1,1,1,2/15/2025 8:16,2/15/2025 9:52,524,524,"9,100",15,2,20,0,0,
1356,25030386,2,179,1,1,1,1,3/20/2025 16:07,3/20/2025 18:12,524,1337,44100,14,4,21,30,914,
104,25020142,3,11,1,1,1,1,2/14/2025 18:57,2/14/2025 20:58,524,1136,"7,700",5,1,10,0,582,
1428,25030391,2,94,1,1,1,1,3/21/2025 13:21,3/21/2025 15:53,526,526,41700,24,7,36,45,0,
214,25020183,2,13,1,1,1,1,2/18/2025 13:43,2/18/2025 15:28,529,1379,"18,400",7,3,12,0,810,
562,25020388,5,95,1,1,1,1,3/2/2025 0:11,3/2/2025 2:38,529,727,"5,900",8,1,30,3,329,
617,25020710,2,1,1,1,1,1,3/3/2025 21:51,3/3/2025 23:01,534,1226,"44,800",23,2,90,35,734,
1840,25030489,2,179,1,1,1,1,3/29/2025 23:11,3/30/2025 0:45,536,1270,28500,29,4,47,26,745,
1005,25020547,5,179,1,1,1,1,3/13/2025 13:52,3/13/2025 14:53,536,1242,44800,20,6,53,30,0,
320,25020337,5,72,1,1,1,1,2/21/2025 12:17,2/21/2025 14:07,537,537,"11,700",30,2,35,0,0,
396,25020107,2,81,1,1,1,1,2/24/2025 14:58,2/24/2025 17:07,539,539,"5,200",2,1,5,0,0,
424,25020505,2,2,1,1,1,1,2/25/2025 13:50,2/25/2025 16:01,540,1511,"38,500",15,3,35,30,931,
454,25020405,2,13,1,1,1,1,2/26/2025 13:52,2/26/2025 16:29,541,543,"5,900",0,0,0,10,0,
1773,25030488,2,179,1,1,1,1,3/28/2025 21:38,3/28/2025 23:24,544,1571,15900,15,3,20,10,984,
70,25020142,3,11,1,1,1,1,2/13/2025 21:21,2/13/2025 23:21,544,834,"10,000",6,2,11,0,275,
243,25020408,2,56,1,1,1,1,2/19/2025 8:27,2/19/2025 10:16,546,546,"8,400",3,2,10,0,0,
18,25020028,2,5,1,1,1,1,2/12/2025 16:37,2/11/2025 17:32,547,823,"4,350",5,1,18,0,273,
1761,25030488,2,179,1,1,1,1,3/28/2025 17:44,3/28/2025 20:13,548,1595,40600,17,5,65,35,924,
1575,25030297,2,295,1,1,1,1,3/25/2025 13:10,3/25/2025 15:52,551,1076,7600,3,1,3,0,528,
299,25020269,3,69,1,1,1,1,2/20/2025 13:55,2/20/2025 14:57,551,577,"27,650",6,1,23,0,0,
1265,25020829,2,179,1,1,1,1,3/19/2025 9:07,3/19/2025 11:43,552,552,18900,12,6,25,20,0,
407,25020596,2,83,1,1,1,1,2/24/2025 19:34,2/24/2025 20:35,553,553,"10,100",4,2,10,0,0,
1883,25030787,2,1,1,1,1,1,4/1/2025 4:38,4/1/2025 6:59,553,1583,31050,22,3,30,30,1030,
1865,25030871,5,351,1,1,1,1,3/31/2025 10:08,3/31/2025 12:12,553,1128,13100,8,2,24,0,564,
1676,25030486,2,179,1,1,1,1,3/27/2025 0:13,3/27/2025 2:56,554,1279,35300,11,4,26,25,725,
1213,25030385,3,166,1,1,1,1,3/18/2025 8:45,3/18/2025 10:58,556,957,12300,12,1,23,3,387,
451,25020387,6,82,1,1,1,1,2/26/2025 13:47,2/26/2025 14:57,557,900,"10,800",21,3,50,6,331,
1098,25030234,2,1,1,1,1,1,3/15/2025 9:18,3/15/2025 10:31,558,1582,18900,7,3,15,12,1040,
737,25030027,3,135,1,1,1,1,3/6/2025 12:43,3/6/2025 14:54,561,867,7640,5,1,13,0,423,
259,25020273,2,62,1,1,1,1,2/19/2025 13:43,2/19/2025 15:43,566,566,"29,400",38,9,48,0,0,
983,25030139,3,69,1,1,1,1,3/12/2025 21:44,3/12/2025 23:51,567,567,28500,10,3,37,9,0,
770,25020494,5,67,1,1,1,1,3/7/2025 9:38,3/7/2025 12:29,567,1447,15700,12,3,9,11,835,
774,25020494,5,67,1,1,1,1,3/7/2025 9:39,3/7/2025 11:58,567,1447,15700,12,3,9,11,835,
363,25020271,2,13,1,1,1,1,2/22/2025 21:47,2/23/2025 0:22,568,568,"37,600",10,2,21,30,0,
663,25020629,2,13,1,1,1,1,3/4/2025 21:45,3/4/2025 23:47,570,1305,10500,13,2,12,5,751,
1553,25030460,2,287,1,1,1,1,3/25/2025 9:19,3/25/2025 11:27,570,1556,10100,7,3,5,6,986,
1538,25030609,2,94,1,1,1,1,3/24/2025 21:50,3/25/2025 0:16,571,1440,39200,25,5,43,42,868,
301,25020269,3,69,1,1,1,1,2/20/2025 13:55,2/20/2025 15:33,572,572,"27,650",6,1,23,0,0,
1197,25020548,2,179,1,1,1,1,3/17/2025 21:53,3/18/2025 0:14,574,602,15950,10,2,10,15,0,
1427,25030391,2,94,1,1,1,1,3/21/2025 13:21,3/21/2025 14:38,574,1451,41700,24,7,36,45,877,
390,25020108,2,35,1,1,1,1,2/24/2025 13:26,2/24/2025 15:46,576,576,"30,300",5,2,7,10,0,
298,25020269,3,69,1,1,1,1,2/20/2025 13:55,2/20/2025 15:21,578,578,"27,650",6,1,23,0,0,
71,25020117,2,13,1,1,1,1,2/14/2025 9:23,2/14/2025 11:36,580,580,"18,900",22,4,8,0,0,
1642,25030390,2,179,1,1,1,1,3/26/2025 13:41,3/26/2025 15:07,580,580,46200,15,2,25,40,0,
130,25020142,3,11,1,1,1,1,2/15/2025 13:47,2/15/2025 15:11,582,582,"24,700",5,2,19,0,0,
1520,25030498,2,1,1,1,1,1,3/23/2025 4:22,3/23/2025 5:40,584,584,21500,6,2,19,15,0,
322,25020337,5,72,1,1,1,1,2/21/2025 12:17,2/21/2025 14:56,584,584,"11,700",30,2,35,0,0,
1015,25020547,5,179,1,1,1,1,3/13/2025 16:21,3/13/2025 18:43,587,1507,11900,11,4,22,11,894,
342,25020184,2,13,1,1,1,1,2/21/2025 21:54,2/21/2025 23:19,588,1355,"46,500",18,3,34,0,767,
86,25020186,2,18,1,1,1,1,2/14/2025 14:01,2/14/2025 15:02,591,591,"14,050",8,1,25,0,0,
919,25030029,3,11,1,1,1,1,3/11/2025 13:40,3/11/2025 15:15,591,591,37000,12,3,35,12,0,
1,25020074,2,1,1,1,1,1,2/11/2025 14:19,2/11/2025 16:35,594,594,"5,000",5,5,5,0,0,
4,25020074,2,1,1,1,1,1,2/11/2025 16:40,2/11/2025 17:40,594,594,"10,500",11,3,9,0,0,
1746,25030487,2,179,1,1,1,1,3/28/2025 9:59,3/28/2025 12:28,594,594,25700,8,2,25,15,0,
306,25020487,3,71,1,1,1,1,2/20/2025 17:12,2/20/2025 19:39,597,824,"10,110",3,2,12,0,203,
980,25030092,5,13,1,1,1,1,3/12/2025 13:56,3/12/2025 16:33,598,598,13300,6,1,73,15,0,
1542,25030609,2,94,1,1,1,1,3/24/2025 21:50,3/24/2025 23:10,600,1681,39200,25,5,43,42,1116,
1250,25020829,2,179,1,1,1,1,3/18/2025 21:50,3/19/2025 0:25,603,603,37800,16,3,20,30,0,
703,25020629,2,13,1,1,1,1,3/5/2025 17:44,3/5/2025 18:45,605,605,24400,15,2,15,25,0,
1574,25030297,2,295,1,1,1,1,3/25/2025 13:10,3/25/2025 14:26,606,759,7600,3,1,3,0,157,
1289,25030419,5,229,1,1,1,1,3/19/2025 16:06,3/19/2025 18:34,608,645,10150,5,1,10,5,0,
115,25020118,2,13,1,1,1,1,2/15/2025 8:16,2/15/2025 11:10,612,1382,"9,100",15,2,20,0,789,
1300,25020830,2,179,1,1,1,1,3/19/2025 19:20,3/19/2025 21:00,612,1296,31700,10,2,25,30,705,
1113,25030346,6,195,1,1,1,1,3/15/2025 13:56,3/15/2025 16:52,612,742,7200,3,1,6,3,130,
633,25020493,5,111,1,1,1,1,3/4/2025 13:46,3/4/2025 16:23,614,614,"38,400",11,5,48,39,0,
926,25030095,5,2,1,1,1,1,3/11/2025 15:12,3/11/2025 16:38,614,1304,44100,22,4,43,30,731,
1016,25030094,2,13,1,1,1,1,3/13/2025 16:49,3/13/2025 19:37,617,617,14850,10,2,10,0,0,
351,25020185,2,13,1,1,1,1,2/22/2025 13:47,2/22/2025 15:30,619,619,"45,700",11,4,25,34,0,
784,25030026,3,3,1,1,1,1,3/7/2025 13:47,3/7/2025 16:22,619,743,23000,8,1,40,7,211,
572,25020567,5,96,1,1,1,1,3/3/2025 9:01,3/3/2025 10:47,619,1555,"20,200",34,4,49,11,883,
452,25020405,2,13,1,1,1,1,2/26/2025 13:52,2/26/2025 15:47,620,563,"5,900",0,0,0,10,0,
1298,25020830,2,179,1,1,1,1,3/19/2025 19:20,3/19/2025 20:21,621,621,31700,10,2,25,30,0,
830,25020825,5,1,1,1,1,1,3/8/2025 13:51,3/8/2025 16:33,622,1232,15050,21,4,48,9,664,
406,25020596,2,83,1,1,1,1,2/24/2025 19:34,2/24/2025 22:04,625,1564,"10,100",4,2,10,0,939,
1105,25030337,2,13,1,1,1,1,3/15/2025 13:46,3/15/2025 15:58,625,625,27100,13,2,40,30,0,
444,25020404,2,13,1,1,1,1,2/26/2025 12:56,2/26/2025 15:05,626,1224,"39,900",34,4,24,30,563,
1484,25030388,2,179,1,1,1,1,3/22/2025 4:59,3/22/2025 7:21,626,1540,56700,25,6,98,54,914,
1195,25020548,2,179,1,1,1,1,3/17/2025 21:53,3/17/2025 23:08,627,1346,15950,10,2,10,15,725,
285,25020433,2,68,1,1,1,1,2/19/2025 21:47,2/19/2025 23:37,630,1284,"11,900",4,2,26,0,680,
189,25020182,2,13,1,1,1,1,2/17/2025 21:49,2/17/2025 23:04,631,631,"43,400",17,3,49,0,0,
192,25020182,2,13,1,1,1,1,2/17/2025 21:49,2/17/2025 23:04,632,1353,"43,400",17,3,49,0,646,
1686,25030495,2,2,1,1,1,1,3/27/2025 5:51,3/27/2025 7:11,633,1593,28700,22,3,39,20,842,
715,25020630,2,13,1,1,1,1,3/5/2025 21:42,3/6/2025 0:08,636,607,20700,7,2,12,15,0,
456,25020387,6,82,1,1,1,1,2/26/2025 19:09,2/26/2025 20:47,636,867,"6,000",14,2,37,6,244,
912,25030029,3,11,1,1,1,1,3/10/2025 21:45,3/10/2025 23:52,637,1264,35000,7,3,30,10,591,
177,25020142,3,11,1,1,1,1,2/17/2025 19:29,2/17/2025 21:15,638,1262,"25,350",3,10,30,0,597,
307,25020487,3,71,1,1,1,1,2/20/2025 17:12,2/20/2025 18:17,638,761,"10,110",3,2,12,0,92,
449,25020387,6,82,1,1,1,1,2/26/2025 13:47,2/26/2025 15:30,638,859,"10,800",21,3,50,6,193,
1820,25030489,2,179,1,1,1,1,3/29/2025 17:45,3/29/2025 19:49,643,1591,28000,26,5,60,20,890,
1826,25030489,2,179,1,1,1,1,3/29/2025 17:54,3/29/2025 20:45,643,1591,28000,26,5,60,20,890,
1257,25030377,5,82,1,1,1,1,3/18/2025 21:54,3/19/2025 0:19,644,644,18600,19,2,50,15,0,
197,25020182,2,13,1,1,1,1,2/18/2025 8:19,2/18/2025 9:54,646,646,"13,300",5,2,15,0,0,
1315,25030386,2,179,1,1,1,1,3/19/2025 21:44,3/19/2025 23:28,648,648,12600,18,3,25,10,0,
1240,25020548,2,179,1,1,1,1,3/18/2025 15:12,3/18/2025 16:27,649,1526,7100,2,1,3,0,860,
761,25020630,5,13,1,1,1,1,3/6/2025 19:46,3/6/2025 22:22,649,1508,25750,32,2,64,25,835,
280,25020434,2,67,1,1,1,1,2/19/2025 20:22,2/19/2025 23:13,650,1318,"14,050",11,2,28,0,750,
328,25020276,2,1,1,1,1,1,2/21/2025 12:27,2/21/2025 14:12,650,650,"34,300",21,4,21,0,0,
1333,25030372,3,242,1,1,1,1,3/20/2025 13:12,3/20/2025 14:59,650,650,16200,3,1,21,9,0,
59,25020117,2,13,1,1,1,1,2/13/2025 21:03,2/13/2025 22:02,651,651,"37,800",15,6,43,0,0,
1486,25030389,2,179,1,1,1,1,3/22/2025 5:36,3/22/2025 7:54,652,914,7000,7,3,25,0,174,
981,25030092,5,13,1,1,1,1,3/12/2025 13:56,3/12/2025 16:45,653,1541,13300,6,1,73,15,851,
7,25010689,2,2,1,1,1,1,2/11/2025 17:45,2/11/2025 21:13,656,656,"5,700",12,3,21,0,0,
244,25020408,2,56,1,1,1,1,2/19/2025 8:27,2/19/2025 11:20,657,1567,"8,400",3,2,10,0,854,
621,25020710,2,1,1,1,1,1,3/3/2025 21:51,3/3/2025 23:27,658,1505,"44,800",23,2,90,35,756,
336,25020184,2,13,1,1,1,1,2/21/2025 13:47,2/21/2025 15:23,662,662,"9,800",0,0,5,0,0,
764,25020838,5,138,1,1,1,1,3/6/2025 21:21,3/6/2025 23:22,663,804,6100,6,2,25,12,0,
837,25020825,5,1,1,1,1,1,3/8/2025 15:50,3/8/2025 18:36,664,664,7800,12,2,50,18,0,
398,25020107,2,81,1,1,1,1,2/24/2025 14:58,2/24/2025 17:30,666,997,"5,200",2,1,5,0,334,
659,25020711,2,110,1,1,1,1,3/4/2025 20:00,3/4/2025 21:05,671,1448,16350,16,3,50,15,751,
1462,25030609,2,94,1,1,1,1,3/21/2025 17:48,3/21/2025 19:41,672,962,6300,2,1,7,6,297,
287,25020433,2,68,1,1,1,1,2/20/2025 7:33,2/20/2025 9:57,680,680,"13,350",2,1,4,0,0,
69,25020142,3,11,1,1,1,1,2/13/2025 21:21,2/14/2025 0:09,680,1174,"10,000",6,2,11,0,464,
1010,25030094,2,13,1,1,1,1,3/13/2025 14:00,3/13/2025 16:28,681,1334,16200,23,4,17,11,617,
1736,25030776,2,94,1,1,1,1,3/28/2025 0:02,3/28/2025 2:47,685,685,31400,17,4,26,34,0,
1431,25030391,2,94,1,1,1,1,3/21/2025 13:21,3/21/2025 16:06,688,1618,41700,24,7,36,45,930,
425,25020387,6,82,1,1,1,1,2/25/2025 14:05,2/25/2025 15:46,689,703,"5,000",10,2,30,4,0,
264,25020273,2,62,1,1,1,1,2/19/2025 13:43,2/19/2025 15:00,690,1689,"29,400",38,9,48,0,926,
1269,25020829,2,179,1,1,1,1,3/19/2025 9:07,3/19/2025 10:07,690,690,18900,12,6,25,20,0,
1517,25030223,2,2,1,1,1,1,3/23/2025 3:13,3/23/2025 6:01,691,1275,28950,10,3,20,30,584,
1694,25030495,2,2,1,1,1,1,3/27/2025 8:59,3/27/2025 10:49,692,1558,16500,6,2,15,10,853,
763,25020838,5,138,1,1,1,1,3/6/2025 21:21,3/6/2025 23:13,693,1553,6100,6,2,25,12,714,
465,25020405,2,13,1,1,1,1,2/26/2025 21:44,2/27/2025 0:20,694,1509,"40,100",20,7,35,28,752,
261,25020273,2,62,1,1,1,1,2/19/2025 13:43,2/19/2025 16:26,702,1463,"29,400",38,9,48,0,724,
1866,25030914,2,13,1,1,1,1,3/31/2025 17:47,3/31/2025 20:11,703,703,44100,29,6,67,30,0,
1534,25030609,2,94,1,1,1,1,3/24/2025 21:50,3/25/2025 0:43,704,704,39200,25,5,43,42,0,
1211,25030385,3,166,1,1,1,1,3/18/2025 8:45,3/18/2025 10:34,704,704,12300,12,1,23,3,0,
5,25020074,2,1,1,1,1,1,2/11/2025 16:40,2/11/2025 17:40,705,1361,"10,500",11,3,9,0,656,
1314,25030386,2,179,1,1,1,1,3/19/2025 21:44,3/20/2025 0:19,705,705,12600,18,3,25,10,0,
1027,25030221,5,56,1,1,1,1,3/13/2025 21:46,3/13/2025 23:47,705,705,16520,12,3,18,12,0,
1609,25030689,5,302,1,1,1,1,3/25/2025 21:56,3/26/2025 0:14,711,737,5100,5,1,15,3,0,
781,25030026,3,3,1,1,1,1,3/7/2025 13:47,3/7/2025 16:06,713,713,23000,8,1,40,7,0,
146,25020274,2,2,1,1,1,1,2/15/2025 20:56,2/15/2025 23:27,714,1353,"25,900",18,5,30,0,631,
1881,25030787,2,1,1,1,1,1,4/1/2025 4:38,4/1/2025 6:18,717,717,31050,22,3,30,30,0,
908,25030029,3,11,1,1,1,1,3/10/2025 21:45,3/10/2025 22:53,717,717,35000,7,3,30,10,0,
193,25020182,2,13,1,1,1,1,2/17/2025 21:49,2/17/2025 23:53,718,718,"43,400",17,3,49,0,0,
1096,25030234,2,1,1,1,1,1,3/15/2025 9:18,3/15/2025 10:31,722,1326,18900,7,3,15,12,625,
1550,25030609,2,94,1,1,1,1,3/25/2025 8:42,3/25/2025 9:51,722,1457,11100,10,2,5,12,828,
720,25020630,2,13,1,1,1,1,3/6/2025 8:58,3/6/2025 11:12,723,1548,10250,17,4,30,10,838,
274,25020273,2,62,1,1,1,1,2/19/2025 17:19,2/19/2025 19:09,724,724,"17,150",10,3,32,0,0,
1222,25020548,2,179,1,1,1,1,3/18/2025 12:05,3/18/2025 13:40,725,725,33350,4,3,10,30,0,
1680,25030495,2,2,1,1,1,1,3/27/2025 5:51,3/27/2025 8:12,725,725,28700,22,3,39,20,0,
111,25020118,2,13,1,1,1,1,2/14/2025 21:07,2/14/2025 23:23,726,726,"36,400",32,6,52,0,0,
588,25020546,2,13,1,1,1,1,3/3/2025 13:21,3/3/2025 15:43,727,1511,"40,600",11,7,38,36,760,
1443,25030494,2,56,1,1,1,1,3/21/2025 16:23,3/21/2025 18:09,730,1676,15600,4,2,11,12,962,
369,25020271,2,13,1,1,1,1,2/22/2025 21:47,2/23/2025 0:29,733,1578,"37,600",10,2,21,30,824,
1360,25030386,2,179,1,1,1,1,3/20/2025 16:07,3/20/2025 18:39,733,1532,44100,14,4,21,30,734,
662,25020629,2,13,1,1,1,1,3/4/2025 21:45,3/5/2025 0:38,734,734,10500,13,2,12,5,0,
1270,25020829,2,179,1,1,1,1,3/19/2025 9:07,3/19/2025 11:16,734,1495,18900,12,6,25,20,761,
11,25020135,3,3,1,1,1,1,2/11/2025 21:16,2/11/2025 23:06,737,737,"21,300",7,2,25,0,0,
986,25030139,3,69,1,1,1,1,3/12/2025 21:44,3/12/2025 22:59,740,740,28500,10,3,37,9,0,
312,25020409,2,2,1,1,1,1,2/20/2025 17:35,2/20/2025 19:39,741,1499,"21,700",3,1,20,0,820,
1272,25030378,5,95,1,1,1,1,3/19/2025 9:53,3/19/2025 11:03,741,741,14150,3,2,4,9,0,
798,25020631,5,13,1,1,1,1,3/7/2025 21:18,3/7/2025 22:29,742,1236,34300,14,2,60,30,323,
1225,25020548,2,179,1,1,1,1,3/18/2025 12:05,3/18/2025 13:29,747,1350,33350,4,3,10,30,603,
856,25020556,5,94,1,1,1,1,3/8/2025 21:48,3/8/2025 23:07,751,751,27300,37,6,71,30,0,
469,25020405,2,13,1,1,1,1,2/27/2025 7:59,2/27/2025 9:31,752,752,"10,700",2,1,5,5,0,
242,25020408,2,56,1,1,1,1,2/18/2025 21:56,2/19/2025 0:17,755,797,"7,120",2,0,6,0,0,
286,25020433,2,68,1,1,1,1,2/19/2025 21:47,2/19/2025 23:59,755,755,"11,900",4,2,26,0,0,
1771,25030488,2,179,1,1,1,1,3/28/2025 21:38,3/28/2025 23:02,755,1486,15900,15,3,20,10,703,
623,25020710,2,1,1,1,1,1,3/4/2025 8:33,3/4/2025 11:13,756,756,"10,100",5,2,10,10,0,
819,25030028,3,142,1,1,1,1,3/8/2025 12:03,3/8/2025 14:24,758,1489,21000,17,3,43,8,716,
1845,25030722,2,84,1,1,1,1,3/30/2025 4:08,3/30/2025 6:41,759,1092,30300,13,2,30,0,358,
262,25020273,2,62,1,1,1,1,2/19/2025 13:43,2/19/2025 15:14,761,761,"29,400",38,9,48,0,0,
1284,25020830,2,179,1,1,1,1,3/19/2025 13:47,3/19/2025 15:37,761,761,25000,2,2,11,20,0,
1623,25030742,3,307,1,1,1,1,3/26/2025 11:42,3/26/2025 13:02,768,768,15200,4,2,24,10,0,
124,25020274,2,2,1,1,1,1,2/15/2025 13:45,2/15/2025 16:31,770,789,"30,800",4,1,20,0,0,
1256,25030377,5,82,1,1,1,1,3/18/2025 21:54,3/19/2025 0:15,771,771,18600,19,2,50,15,0,
1864,25030871,5,351,1,1,1,1,3/31/2025 10:08,3/31/2025 12:34,774,905,13100,8,2,24,0,131,
1274,25030378,5,95,1,1,1,1,3/19/2025 9:53,3/19/2025 10:53,776,776,14150,3,2,4,9,0,
1024,25030210,5,110,1,1,1,1,3/13/2025 19:26,3/13/2025 21:36,778,1470,15750,11,3,21,11,705,
57,25020117,2,13,1,1,1,1,2/13/2025 21:03,2/13/2025 22:02,779,1365,"37,800",15,6,43,0,580,
389,25020108,2,35,1,1,1,1,2/24/2025 13:26,2/24/2025 15:15,782,1357,"30,300",5,2,7,10,614,
1594,25030634,2,292,1,1,1,1,3/25/2025 20:20,3/25/2025 22:33,783,1728,20200,5,3,9,11,905,
1589,25030459,2,292,1,1,1,1,3/25/2025 17:35,3/25/2025 19:35,787,787,22100,5,3,11,11,0,
1554,25030460,2,287,1,1,1,1,3/25/2025 9:19,3/25/2025 11:09,790,1262,10100,7,3,5,6,472,
1593,25030634,2,292,1,1,1,1,3/25/2025 20:20,3/25/2025 22:51,791,791,20200,5,3,9,11,0,
1522,25030498,2,1,1,1,1,1,3/23/2025 4:22,3/23/2025 6:34,798,1272,21500,6,2,19,15,473,
1375,25030387,2,179,1,1,1,1,3/20/2025 17:51,3/20/2025 20:15,799,734,8650,5,2,12,12,0,
1258,25030377,5,82,1,1,1,1,3/18/2025 21:54,3/19/2025 0:05,800,800,18600,19,2,50,15,0,
529,25020634,2,18,1,1,1,1,2/28/2025 23:07,3/1/2025 0:09,801,1706,"27,050",25,7,20,30,826,
360,25020185,2,13,1,1,1,1,2/22/2025 15:40,2/22/2025 17:28,805,1362,"9,800",2,1,5,10,568,
1461,25030609,2,94,1,1,1,1,3/21/2025 17:48,3/21/2025 20:31,805,"1,463",6300,2,1,7,6,704,
438,25020404,2,13,1,1,1,1,2/25/2025 21:46,2/25/2025 23:46,809,1397,"16,800",8,2,10,10,0,
232,25020183,2,13,1,1,1,1,2/18/2025 20:27,2/18/2025 22:29,810,810,"38,300",12,2,23,0,0,
1373,25030387,2,179,1,1,1,1,3/20/2025 17:51,3/20/2025 20:31,813,941,8650,5,2,12,12,0,
1261,25030377,5,82,1,1,1,1,3/18/2025 21:54,3/19/2025 0:30,819,819,18600,19,2,50,15,0,
431,25020505,2,2,1,1,1,1,2/25/2025 16:57,2/25/2025 19:07,820,820,"18,200",16,4,23,20,0,
321,25020337,5,72,1,1,1,1,2/21/2025 12:17,2/21/2025 14:03,821,803,"11,700",30,2,35,0,0,
79,25020118,2,13,1,1,1,1,2/14/2025 11:37,2/14/2025 14:07,823,1595,"11,200",3,1,5,0,726,
1626,25030742,3,307,1,1,1,1,3/26/2025 11:42,3/26/2025 14:04,823,823,15200,4,2,24,10,0,
148,25020274,2,2,1,1,1,1,2/15/2025 20:56,2/15/2025 23:17,824,1573,"25,900",18,5,30,0,718,
382,25020271,2,13,1,1,1,1,2/24/2025 9:48,2/24/2025 11:19,824,824,"19,100",5,2,10,8,0,
1693,25030495,2,2,1,1,1,1,3/27/2025 8:59,3/27/2025 11:46,824,824,16500,6,2,15,10,0,
1796,25030499,2,1,1,1,1,1,3/29/2025 12:33,3/29/2025 15:25,824,824,38300,10,5,30,35,0,
1260,25030377,5,82,1,1,1,1,3/18/2025 21:54,3/19/2025 0:02,824,824,18600,19,2,50,15,0,
650,25020493,5,111,1,1,1,1,3/4/2025 16:13,3/4/2025 18:50,826,1400,9500,16,2,50,10,415,
14,25020135,3,3,1,1,1,1,2/11/2025 21:16,2/11/2025 23:50,827,827,"21,300",7,2,25,0,0,
1721,25030776,2,94,1,1,1,1,3/27/2025 17:59,3/27/2025 20:30,828,828,25300,17,3,10,24,0,
1780,25030379,2,93,1,1,1,1,3/29/2025 2:01,3/29/2025 4:11,829,829,26650,20,4,80,23,0,
110,25020118,2,13,1,1,1,1,2/14/2025 21:07,2/14/2025 22:46,834,1384,"36,400",32,6,52,0,524,
289,25020433,2,68,1,1,1,1,2/20/2025 7:33,2/20/2025 10:26,834,1355,"13,350",2,1,4,0,507,
1492,25030389,2,179,1,1,1,1,3/22/2025 15:31,3/22/2025 17:57,834,1347,49700,19,4,19,39,513,
1283,25020830,2,179,1,1,1,1,3/19/2025 13:47,3/19/2025 16:43,836,1338,25000,2,2,11,20,621,
796,25020631,5,13,1,1,1,1,3/7/2025 21:18,3/7/2025 22:48,836,836,34300,14,2,60,30,0,
448,25020387,6,82,1,1,1,1,2/26/2025 13:47,2/26/2025 15:24,838,838,"10,800",21,3,50,6,0,
1335,25030372,3,242,1,1,1,1,3/20/2025 13:12,3/20/2025 15:19,844,858,16200,3,1,21,9,0,
171,25020275,2,31,1,1,1,1,2/17/2025 14:03,2/17/2025 15:36,847,1355,"10,100",16,2,35,0,1106,
1134,25030338,2,13,1,1,1,1,3/17/2025 8:34,3/17/2025 10:45,847,1575,11100,7,1,11,9,690,
1663,25030486,2,179,1,1,1,1,3/26/2025 17:49,3/26/2025 19:10,851,1479,21200,7,0,20,20,502,
993,25030092,5,13,1,1,1,1,3/12/2025 21:51,3/13/2025 0:19,851,851,43400,26,4,34,35,0,
1744,25030487,2,179,1,1,1,1,3/28/2025 5:53,3/28/2025 8:24,853,853,30800,17,3,34,20,0,
399,25020453,2,83,1,1,1,1,2/24/2025 16:32,2/24/2025 18:45,854,854,"15,150",4,2,15,0,0,
174,25020142,3,11,1,1,1,1,2/17/2025 19:29,2/17/2025 22:06,855,1126,"25,350",3,10,30,0,191,
437,25020404,2,13,1,1,1,1,2/25/2025 21:46,2/26/2025 0:04,861,1272,"16,800",8,2,10,10,411,
1742,25030487,2,179,1,1,1,1,3/28/2025 5:53,3/28/2025 8:12,861,1483,30800,17,3,34,20,594,
1877,25030914,2,13,1,1,1,1,3/31/2025 20:41,3/31/2025 23:00,863,1580,12600,8,2,25,10,717,
173,25020142,3,11,1,1,1,1,2/17/2025 19:29,2/17/2025 22:11,865,865,"25,350",3,10,30,0,0,
738,25030027,3,135,1,1,1,1,3/6/2025 12:43,3/6/2025 15:33,867,295,7640,5,1,13,0,0,
1549,25030609,2,94,1,1,1,1,3/25/2025 8:42,3/25/2025 10:02,868,868,11100,10,2,5,12,0,
85,25020186,2,18,1,1,1,1,2/14/2025 14:01,2/14/2025 15:07,872,1462,"14,050",8,1,25,0,566,
151,25020025,2,35,1,1,1,1,2/15/2025 21:10,2/15/2025 23:57,872,872,"19,350",8,4,19,0,0,
1239,25020548,2,179,1,1,1,1,3/18/2025 15:12,3/18/2025 16:36,873,1341,7100,2,1,3,0,471,
918,25030029,3,11,1,1,1,1,3/11/2025 13:40,3/11/2025 15:13,873,1155,37000,12,3,35,12,152,
1603,25030390,2,179,1,1,1,1,3/25/2025 21:49,3/26/2025 0:20,874,1295,10500,8,2,9,5,436,
1440,25030494,2,56,1,1,1,1,3/21/2025 16:23,3/21/2025 17:43,877,877,15600,4,2,11,12,0,
1485,25030389,2,179,1,1,1,1,3/22/2025 5:36,3/22/2025 7:40,877,867,7000,7,3,25,0,178,
768,25020494,5,67,1,1,1,1,3/7/2025 9:38,3/7/2025 12:17,877,1173,15700,12,3,9,11,284,
772,25020494,5,67,1,1,1,1,3/7/2025 9:39,3/7/2025 10:58,877,1173,15700,12,3,9,11,284,
436,25020404,2,13,1,1,1,1,2/25/2025 21:46,2/26/2025 0:16,880,1234,"16,800",8,2,10,10,0,
1253,25020829,2,179,1,1,1,1,3/18/2025 21:50,3/18/2025 23:07,880,860,37800,16,3,20,30,0,
491,25020407,2,1,1,1,1,1,2/27/2025 21:44,2/27/2025 23:12,883,915,"21,000",6,4,17,24,0,
625,25020632,2,56,1,1,1,1,3/4/2025 10:39,3/4/2025 12:31,883,883,"15,520",6,3,20,10,0,
1400,25030387,2,179,1,1,1,1,3/21/2025 5:47,3/21/2025 7:18,885,1262,15900,10,3,14,12,333,
498,25020407,2,1,1,1,1,1,2/28/2025 8:59,2/28/2025 11:43,886,898,"17,100",7,2,15,15,0,
1252,25020829,2,179,1,1,1,1,3/18/2025 21:50,3/19/2025 0:34,889,1347,37800,16,3,20,30,552,
1841,25030489,2,179,1,1,1,1,3/29/2025 23:11,3/30/2025 1:54,890,890,28500,29,4,47,26,0,
1281,25020830,2,179,1,1,1,1,3/19/2025 13:47,3/19/2025 16:10,892,892,25000,2,2,11,20,0,
1529,25030498,2,1,1,1,1,1,3/24/2025 14:01,3/24/2025 15:15,892,1306,31600,12,2,42,30,558,
245,25020408,2,56,1,1,1,1,2/19/2025 8:27,2/19/2025 11:00,894,1731,"8,400",3,2,10,0,804,
1196,25020548,2,179,1,1,1,1,3/17/2025 21:53,3/17/2025 23:38,894,894,15950,10,2,10,15,0,
41,25020075,2,1,1,1,1,1,2/13/2025 13:48,2/13/2025 16:34,901,1611,"42,700",26,3,15,0,651,
915,25030095,5,2,1,1,1,1,3/10/2025 21:50,3/10/2025 23:03,903,"1,152",9800,0,0,21,5,258,
278,25020273,2,62,1,1,1,1,2/19/2025 17:19,2/19/2025 19:21,904,1695,"17,150",10,3,32,0,723,
1873,25030914,2,13,1,1,1,1,3/31/2025 17:47,3/31/2025 19:56,904,1541,44100,29,6,67,30,303,
1846,25030722,2,84,1,1,1,1,3/30/2025 4:08,3/30/2025 6:30,905,905,30300,13,2,30,0,0,
87,25020186,2,18,1,1,1,1,2/14/2025 14:01,2/14/2025 15:45,907,1703,"14,050",8,1,25,0,761,
746,25020800,5,2,1,1,1,1,3/6/2025 13:54,3/6/2025 16:34,907,1280,38750,44,7,48,30,427,
710,25020800,2,2,1,1,1,1,3/5/2025 21:41,3/5/2025 23:50,909,1262,16550,19,2,15,5,342,
169,25020142,3,11,1,1,1,1,2/17/2025 13:46,2/17/2025 15:17,911,1245,"34,000",8,4,65,50,323,
629,25020711,2,110,1,1,1,1,3/4/2025 13:42,3/4/2025 14:51,912,912,"14,700",12,4,37,12,0,
330,25020276,2,1,1,1,1,1,2/21/2025 12:27,2/21/2025 14:40,913,1575,"34,300",21,4,21,0,662,
1046,25030233,5,1,1,1,1,1,3/14/2025 13:52,3/14/2025 14:57,913,1328,39400,32,3,100,25,456,
542,25020550,2,94,1,1,1,1,3/1/2025 5:53,3/1/2025 7:46,916,916,"33,600",25,7,21,36,0,
543,25020550,2,94,1,1,1,1,3/1/2025 5:53,3/1/2025 8:42,916,916,"33,600",25,7,21,36,0,
776,25020631,5,13,1,1,1,1,3/7/2025 13:46,3/7/2025 15:09,916,916,21660,17,4,48,10,0,
913,25030095,5,2,1,1,1,1,3/10/2025 21:50,3/10/2025 23:38,921,946,9800,0,0,21,5,0,
1772,25030488,2,179,1,1,1,1,3/28/2025 21:38,3/28/2025 22:49,924,924,15900,15,3,20,10,0,
383,25020271,2,13,1,1,1,1,2/24/2025 9:48,2/24/2025 11:21,925,1576,"19,100",5,2,10,8,651,
277,25020273,2,62,1,1,1,1,2/19/2025 17:19,2/19/2025 19:09,926,926,"17,150",10,3,32,0,0,
708,25020629,2,13,1,1,1,1,3/5/2025 17:44,3/5/2025 18:55,927,1539,24400,15,2,15,25,607,
355,25020185,2,13,1,1,1,1,2/22/2025 13:47,2/22/2025 15:20,930,1350,"45,700",11,4,25,34,406,
1442,25030494,2,56,1,1,1,1,3/21/2025 16:23,3/21/2025 18:11,930,930,15600,4,2,11,12,0,
107,25020118,2,13,1,1,1,1,2/14/2025 21:07,2/14/2025 22:58,933,933,"36,400",32,6,52,0,0,
1590,25030459,2,292,1,1,1,1,3/25/2025 17:35,3/25/2025 18:36,935,1721,22100,5,3,11,11,791,
1022,25030233,2,1,1,1,1,1,3/13/2025 19:02,3/13/2025 21:46,938,"1,537",11800,3,0,3,22,602,
83,25020142,3,11,1,1,1,1,2/14/2025 11:48,2/14/2025 13:33,938,1291,"22,300",9,2,30,0,309,
571,25020567,5,96,1,1,1,1,3/3/2025 9:01,3/3/2025 11:16,939,936,"20,200",34,4,49,11,0,
150,25020025,2,35,1,1,1,1,2/15/2025 21:10,2/15/2025 23:34,942,1333,"19,350",8,4,19,0,393,
1740,25030776,2,94,1,1,1,1,3/28/2025 0:02,3/28/2025 2:32,944,1713,31400,17,4,26,34,681,
447,25020404,2,13,1,1,1,1,2/26/2025 12:56,2/26/2025 15:10,947,1491,"39,900",34,4,24,30,543,
1568,25030459,2,292,1,1,1,1,3/25/2025 11:57,3/25/2025 14:01,948,1783,18200,5,2,10,12,787,
929,25030095,5,2,1,1,1,1,3/11/2025 15:12,3/11/2025 17:15,949,1545,44100,22,4,43,30,598,
76,25020118,2,13,1,1,1,1,2/14/2025 11:37,2/14/2025 14:11,955,955,"11,200",3,1,5,0,0,
1039,25030219,2,13,1,1,1,1,3/14/2025 13:49,3/14/2025 15:21,958,1345,39900,38,4,51,25,481,
1725,25030776,2,94,1,1,1,1,3/27/2025 17:59,3/27/2025 20:50,959,1741,25300,17,3,10,24,685,
971,25020831,5,94,1,1,1,1,3/12/2025 11:44,3/12/2025 13:14,959,959,25300,32,3,103,24,0,
810,25030106,5,84,1,1,1,1,3/8/2025 8:50,3/8/2025 11:31,963,1348,12350,5,2,7,5,393,
6,25020074,2,1,1,1,1,1,2/11/2025 16:40,2/11/2025 17:40,966,1031,"10,500",11,3,9,0,65,
1604,25030390,2,179,1,1,1,1,3/25/2025 21:49,3/26/2025 0:13,966,1577,10500,8,2,9,5,580,
168,25020142,3,11,1,1,1,1,2/17/2025 13:46,2/17/2025 15:25,967,967,"34,000",8,4,65,50,0,
665,25020629,2,13,1,1,1,1,3/4/2025 21:45,3/5/2025 0:33,969,1336,10500,13,2,12,5,327,
34,25020075,2,1,1,1,1,1,2/13/2025 13:48,2/13/2025 16:34,970,970,"42,700",26,3,15,0,0,
1783,25030499,2,1,1,1,1,1,3/29/2025 5:42,3/29/2025 7:47,972,1295,18200,10,3,22,10,326,
1787,25030499,2,1,1,1,1,1,3/29/2025 5:46,3/29/2025 8:25,972,1295,18200,10,3,22,10,326,
1118,25030337,2,13,1,1,1,1,3/15/2025 19:23,3/15/2025 21:02,973,973,29600,18,6,35,20,0,
546,25020550,2,94,1,1,1,1,3/1/2025 5:53,3/1/2025 8:22,981,1665,"33,600",25,7,21,36,489,
547,25020550,2,94,1,1,1,1,3/1/2025 5:53,3/1/2025 7:58,981,1665,"33,600",25,7,21,36,489,
1565,25030459,2,292,1,1,1,1,3/25/2025 11:57,3/25/2025 14:26,986,986,18200,5,2,10,12,0,
706,25020629,2,13,1,1,1,1,3/5/2025 17:44,3/5/2025 20:19,991,991,24400,15,2,15,25,0,
198,25020182,2,13,1,1,1,1,2/18/2025 8:19,2/18/2025 10:57,996,1367,"13,300",5,2,15,0,357,
1692,25030495,2,2,1,1,1,1,3/27/2025 8:59,3/27/2025 11:02,997,1326,16500,6,2,15,10,371,
922,25030095,5,2,1,1,1,1,3/11/2025 15:12,3/11/2025 16:48,998,998,44100,22,4,43,30,0,
381,25020271,2,13,1,1,1,1,2/24/2025 9:48,2/24/2025 12:41,1008,1348,"19,100",5,2,10,8,340,
1878,25030787,2,1,1,1,1,1,4/1/2025 4:38,4/1/2025 6:00,1010,1010,31050,22,3,30,30,0,
318,25020276,2,1,1,1,1,1,2/20/2025 21:47,2/20/2025 23:34,1012,1012,"22,400",2,1,22,0,0,
585,25020546,2,13,1,1,1,1,3/3/2025 13:21,3/3/2025 14:33,1013,1300,"40,600",11,7,38,36,334,
241,25020408,2,56,1,1,1,1,2/18/2025 21:56,2/18/2025 23:12,1017,1596,"7,120",2,0,6,0,546,
42,25020142,3,11,1,1,1,1,2/13/2025 13:52,2/13/2025 15:14,1018,1117,"31,600",16,0,10,0,0,
1817,25030489,2,179,1,1,1,1,3/29/2025 17:45,3/29/2025 20:18,1020,1257,28000,26,5,60,20,434,
1823,25030489,2,179,1,1,1,1,3/29/2025 17:54,3/29/2025 19:48,1020,1257,28000,26,5,60,20,434,
526,25020634,2,18,1,1,1,1,2/28/2025 23:07,3/1/2025 1:59,1022,1476,"27,050",25,7,20,30,419,
334,25020184,2,13,1,1,1,1,2/21/2025 13:47,2/21/2025 16:22,1027,1027,"9,800",0,0,5,0,0,
816,25030028,3,142,1,1,1,1,3/8/2025 12:03,3/8/2025 13:26,1027,1027,21000,17,3,43,8,0,
113,25020118,2,13,1,1,1,1,2/14/2025 21:07,2/15/2025 0:02,1029,1595,"36,400",32,6,52,0,485,
1886,25030490,2,179,1,1,1,1,4/1/2025 4:47,4/1/2025 7:29,1030,1030,11600,0,0,0,4,0,
319,25020276,2,1,1,1,1,1,2/20/2025 21:47,2/20/2025 23:56,1038,1571,"22,400",2,1,22,0,650,
1109,25030337,2,13,1,1,1,1,3/15/2025 13:46,3/15/2025 15:31,1040,1040,27100,13,2,40,30,0,
1423,25030391,2,94,1,1,1,1,3/21/2025 13:21,3/21/2025 16:16,1043,1043,41700,24,7,36,45,0,
1691,25030495,2,2,1,1,1,1,3/27/2025 8:59,3/27/2025 10:47,1043,1043,16500,6,2,15,10,0,
165,25020142,3,11,1,1,1,1,2/17/2025 13:46,2/17/2025 14:54,1046,1046,"34,000",8,4,65,50,0,
358,25020185,2,13,1,1,1,1,2/22/2025 13:47,2/22/2025 14:51,1047,1573,"45,700",11,4,25,34,471,
951,25020831,5,94,1,1,1,1,3/11/2025 21:56,3/11/2025 23:01,1048,1048,31000,43,5,51,30,0,
1009,25020547,5,179,1,1,1,1,3/13/2025 13:52,3/13/2025 15:00,1049,1506,44800,20,6,53,30,517,
1352,25030386,2,179,1,1,1,1,3/20/2025 16:07,3/20/2025 18:29,1051,1051,44100,14,4,21,30,0,
81,25020142,3,11,1,1,1,1,2/14/2025 11:48,2/14/2025 13:34,1051,1145,"22,300",9,2,30,0,0,
490,25020406,2,13,1,1,1,1,2/27/2025 17:26,2/27/2025 19:14,1055,1516,"23,200",7,5,15,15,415,
29,25020088,2,10,1,1,1,1,2/12/2025 17:59,2/11/2025 21:13,1057,1166,"8,250",3,2,6,0,100,
462,25020405,2,13,1,1,1,1,2/26/2025 21:44,2/27/2025 0:32,1057,1320,"40,100",20,7,35,28,244,
1182,25030220,2,94,1,1,1,1,3/17/2025 19:22,3/17/2025 21:45,1058,1456,27100,38,4,33,24,332,
885,25020556,5,94,1,1,1,1,3/10/2025 13:29,3/10/2025 15:46,1064,1064,29400,24,3,55,24,0,
315,25020276,2,1,1,1,1,1,2/20/2025 21:47,2/20/2025 23:36,1068,1068,"22,400",2,1,22,0,0,
1085,25030234,2,1,1,1,1,1,3/14/2025 21:46,3/14/2025 23:29,1070,1070,37800,20,8,52,35,0,
1591,25030634,2,292,1,1,1,1,3/25/2025 20:20,3/25/2025 21:59,1070,1070,20200,5,3,9,11,0,
489,25020406,2,13,1,1,1,1,2/27/2025 17:26,2/27/2025 19:35,1075,1075,"23,200",7,5,15,15,0,
1185,25030220,2,94,1,1,1,1,3/17/2025 19:22,3/17/2025 21:59,1075,1639,27100,38,4,33,24,526,
1399,25030387,2,179,1,1,1,1,3/21/2025 5:47,3/21/2025 8:19,1085,1085,15900,10,3,14,12,0,
131,25020142,3,11,1,1,1,1,2/15/2025 13:47,2/15/2025 16:04,1085,1156,"24,700",5,2,19,0,0,
1255,25020829,2,179,1,1,1,1,3/18/2025 21:50,3/18/2025 23:01,1086,1509,37800,16,3,20,30,323,
1874,25030914,2,13,1,1,1,1,3/31/2025 20:41,3/31/2025 23:05,1088,1088,12600,8,2,25,10,0,
1662,25030486,2,179,1,1,1,1,3/26/2025 17:49,3/26/2025 20:14,1099,1099,21200,7,0,20,20,0,
172,25020275,2,31,1,1,1,1,2/17/2025 14:03,2/17/2025 15:55,1101,1167,"10,100",16,2,35,0,576,
388,25020108,2,35,1,1,1,1,2/24/2025 13:26,2/24/2025 14:43,1106,1106,"30,300",5,2,7,10,0,
391,25020108,2,35,1,1,1,1,2/24/2025 13:26,2/24/2025 14:43,1106,1387,"30,300",5,2,7,10,271,
1081,25030234,2,1,1,1,1,1,3/14/2025 21:46,3/14/2025 23:24,1108,1108,37800,20,8,52,35,0,
338,25020184,2,13,1,1,1,1,2/21/2025 21:54,2/21/2025 23:15,1110,1110,"46,500",18,3,34,0,0,
43,25020142,3,11,1,1,1,1,2/13/2025 13:52,2/13/2025 16:46,1111,1111,"31,600",16,0,10,0,0,
1748,25030487,2,179,1,1,1,1,3/28/2025 9:59,3/28/2025 12:00,1113,1488,25700,8,2,25,15,383,
705,25020629,2,13,1,1,1,1,3/5/2025 17:44,3/5/2025 20:36,1116,1254,24400,15,2,15,25,147,
32,25020075,2,1,1,1,1,1,2/12/2025 21:07,2/12/2025 22:02,1117,1117,"14,000",10,4,18,0,0,
1079,25030234,2,1,1,1,1,1,3/14/2025 21:46,3/14/2025 23:02,1120,1120,37800,20,8,52,35,0,
308,25020409,2,2,1,1,1,1,2/20/2025 17:35,2/20/2025 20:00,1121,1121,"21,700",3,1,20,0,0,
917,25030029,3,11,1,1,1,1,3/11/2025 13:40,3/11/2025 15:16,1122,1122,37000,12,3,35,12,0,
144,25020274,2,2,1,1,1,1,2/15/2025 20:56,2/15/2025 22:06,1124,1124,"25,900",18,5,30,0,0,
403,25020455,2,84,1,1,1,1,2/24/2025 17:53,2/24/2025 20:47,1126,1261,"15,150",0,0,0,0,135,
166,25020142,3,11,1,1,1,1,2/17/2025 13:46,2/17/2025 15:12,1129,1129,"34,000",8,4,65,50,0,
1519,25030223,2,2,1,1,1,1,3/23/2025 3:13,3/23/2025 4:28,1130,1491,28950,10,3,20,30,361,
743,25020800,5,2,1,1,1,1,3/6/2025 13:54,3/6/2025 16:00,1131,1131,38750,44,7,48,30,0,
812,25030107,5,83,1,1,1,1,3/8/2025 11:40,3/8/2025 13:45,1131,1558,30250,9,2,13,11,414,
523,25020634,2,18,1,1,1,1,2/28/2025 23:07,3/1/2025 0:40,1132,1132,"27,050",25,7,20,30,0,
909,25030029,3,11,1,1,1,1,3/10/2025 21:45,3/11/2025 0:06,1134,1134,35000,7,3,30,10,0,
1082,25030234,2,1,1,1,1,1,3/14/2025 21:46,3/14/2025 23:50,1136,1324,37800,20,8,52,35,261,
714,25020630,2,13,1,1,1,1,3/5/2025 21:42,3/6/2025 0:13,1137,"1,161",20700,7,2,12,15,0,
811,25030107,5,83,1,1,1,1,3/8/2025 11:40,3/8/2025 13:07,1138,1138,30250,9,2,13,11,0,
84,25020186,2,18,1,1,1,1,2/14/2025 14:01,2/14/2025 16:09,1139,1139,"14,050",8,1,25,0,0,
1798,25030499,2,1,1,1,1,1,3/29/2025 12:33,3/29/2025 14:53,1139,1563,38300,10,5,30,35,420,
401,25020453,2,83,1,1,1,1,2/24/2025 16:32,2/24/2025 19:21,1140,1140,"15,150",4,2,15,0,0,
709,25020800,2,2,1,1,1,1,3/5/2025 21:41,3/5/2025 22:50,1142,1142,16550,19,2,15,5,0,
1749,25030487,2,179,1,1,1,1,3/28/2025 9:59,3/28/2025 12:40,1144,1144,25700,8,2,25,15,0,
367,25020271,2,13,1,1,1,1,2/22/2025 21:47,2/22/2025 23:39,1147,1147,"37,600",10,2,21,30,0,
1778,25030379,2,93,1,1,1,1,3/29/2025 2:01,3/29/2025 4:31,1147,1332,26650,20,4,80,23,55,
717,25020630,2,13,1,1,1,1,3/6/2025 8:58,3/6/2025 11:38,1149,1149,10250,17,4,30,10,0,
1001,25020547,5,179,1,1,1,1,3/13/2025 13:52,3/13/2025 15:38,1152,1152,44800,20,6,53,30,0,
1679,25030486,2,179,1,1,1,1,3/27/2025 0:13,3/27/2025 2:49,1157,1583,35300,11,4,26,25,426,
1116,25030337,2,13,1,1,1,1,3/15/2025 19:23,3/15/2025 21:58,1158,1348,29600,18,6,35,20,190,
1587,25030459,2,292,1,1,1,1,3/25/2025 17:35,3/25/2025 19:13,1161,1161,22100,5,3,11,11,0,
132,25020142,3,11,1,1,1,1,2/15/2025 13:47,2/15/2025 15:40,1162,1162,"24,700",5,2,19,0,0,
755,25020630,5,13,1,1,1,1,3/6/2025 19:46,3/6/2025 21:33,1162,1161,25750,32,2,64,25,0,
1815,25030489,2,179,1,1,1,1,3/29/2025 17:45,3/29/2025 20:24,1163,1163,28000,26,5,60,20,0,
1821,25030489,2,179,1,1,1,1,3/29/2025 17:54,3/29/2025 20:19,1163,1163,28000,26,5,60,20,0,
54,25020117,2,13,1,1,1,1,2/13/2025 21:03,2/13/2025 22:02,1167,1167,"37,800",15,6,43,0,0,
745,25020800,5,2,1,1,1,1,3/6/2025 13:54,3/6/2025 15:15,1167,1167,38750,44,7,48,30,0,
832,25020825,5,1,1,1,1,1,3/8/2025 13:51,3/8/2025 14:59,1169,1543,15050,21,4,48,9,388,
1317,25030386,2,179,1,1,1,1,3/19/2025 21:44,3/20/2025 0:28,1171,"1,420",12600,18,3,25,10,229,
904,25020825,5,1,1,1,1,1,3/10/2025 19:56,3/10/2025 21:06,1171,1171,33850,12,3,34,25,0,
404,25020455,2,84,1,1,1,1,2/24/2025 17:53,2/24/2025 18:55,1172,1725,"15,150",0,0,0,0,553,
640,25020493,5,111,1,1,1,1,3/4/2025 13:46,3/4/2025 16:39,1176,1434,"38,400",11,5,48,39,245,
558,25020633,5,2,1,1,1,1,3/1/2025 15:12,3/1/2025 17:40,1177,1469,"21,150",20,4,32,20,0,
1097,25030234,2,1,1,1,1,1,3/15/2025 9:18,3/15/2025 10:37,1178,1178,18900,7,3,15,12,0,
1389,25030387,2,179,1,1,1,1,3/20/2025 23:30,3/21/2025 1:32,1181,"1,181",32150,22,5,60,30,0,
1551,25030609,2,94,1,1,1,1,3/25/2025 8:42,3/25/2025 10:31,1185,1116,11100,10,2,5,12,0,
28,25020088,2,10,1,1,1,1,2/12/2025 17:59,2/11/2025 21:13,1186,1192,"8,250",3,2,6,0,0,
235,25020183,2,13,1,1,1,1,2/18/2025 20:27,2/18/2025 21:41,1188,1363,"38,300",12,2,23,0,0,
1682,25030495,2,2,1,1,1,1,3/27/2025 5:51,3/27/2025 8:22,1192,1192,28700,22,3,39,20,0,
411,25020628,2,85,1,1,1,1,2/24/2025 21:42,2/24/2025 23:04,1193,1664,"11,200",5,3,15,0,471,
459,25020405,2,13,1,1,1,1,2/26/2025 21:44,2/26/2025 23:45,1197,1197,"40,100",20,7,35,28,0,
1130,25030338,2,13,1,1,1,1,3/15/2025 21:46,3/16/2025 0:10,1199,1395,13000,2,1,25,10,175,
324,25020276,2,1,1,1,1,1,2/21/2025 12:27,2/21/2025 15:17,1206,1206,"34,300",21,4,21,0,0,
630,25020711,2,110,1,1,1,1,3/4/2025 13:42,3/4/2025 15:54,1209,1453,"14,700",12,4,37,12,242,
648,25020493,5,111,1,1,1,1,3/4/2025 16:13,3/4/2025 17:22,1209,1349,9500,16,2,50,10,0,
445,25020404,2,13,1,1,1,1,2/26/2025 12:56,2/26/2025 14:29,1210,1210,"39,900",34,4,24,30,0,
1514,25030223,2,2,1,1,1,1,3/23/2025 3:13,3/23/2025 5:29,1211,1211,28950,10,3,20,30,0,
1017,25030094,2,13,1,1,1,1,3/13/2025 16:49,3/13/2025 19:08,1214,1332,14850,10,2,10,0,116,
1750,25030487,2,179,1,1,1,1,3/28/2025 9:59,3/28/2025 12:46,1217,1379,25700,8,2,25,15,169,
199,25020182,2,13,1,1,1,1,2/18/2025 8:19,2/18/2025 11:05,1220,1371,"13,300",5,2,15,0,134,
1770,25030488,2,179,1,1,1,1,3/28/2025 21:38,3/28/2025 22:56,1220,1220,15900,15,3,20,10,0,
1489,25030389,2,179,1,1,1,1,3/22/2025 15:31,3/22/2025 16:57,1221,1221,49700,19,4,19,39,0,
613,25020710,2,1,1,1,1,1,3/3/2025 21:51,3/3/2025 23:36,1223,1223,"44,800",23,2,90,35,0,
1660,25030486,2,179,1,1,1,1,3/26/2025 17:49,3/26/2025 19:59,1223,1223,21200,7,0,20,20,0,
1852,25030726,2,83,1,1,1,1,3/31/2025 9:00,3/31/2025 10:40,1224,1224,21900,19,2,13,10,0,
60,25020117,2,13,1,1,1,1,2/13/2025 21:03,2/13/2025 22:02,1230,1597,"37,800",15,6,43,0,318,
497,25020407,2,1,1,1,1,1,2/28/2025 8:59,2/28/2025 10:08,1231,1231,"17,100",7,2,15,15,0,
897,25020825,5,1,1,1,1,1,3/10/2025 19:56,3/10/2025 21:40,1237,1237,33850,12,3,34,25,0,
1390,25030387,2,179,1,1,1,1,3/20/2025 23:30,3/21/2025 0:47,1238,"1,238",32150,22,5,60,30,0,
1115,25030337,2,13,1,1,1,1,3/15/2025 19:23,3/15/2025 21:28,1239,1239,29600,18,6,35,20,0,
311,25020409,2,2,1,1,1,1,2/20/2025 17:35,2/20/2025 20:14,1244,1244,"21,700",3,1,20,0,0,
583,25020546,2,13,1,1,1,1,3/3/2025 13:21,3/3/2025 14:23,1244,1244,"40,600",11,7,38,36,0,
975,25020831,5,94,1,1,1,1,3/12/2025 11:44,3/12/2025 13:25,1244,1618,25300,32,3,103,24,278,
128,25020274,2,2,1,1,1,1,2/15/2025 13:45,2/15/2025 15:23,1246,1250,"30,800",4,1,20,0,0,
565,25020633,2,2,1,1,1,1,3/2/2025 0:45,3/2/2025 2:29,1246,1246,"35,550",33,7,45,35,0,
973,25020831,5,94,1,1,1,1,3/12/2025 11:44,3/12/2025 13:39,1246,1434,25300,32,3,103,24,119,
487,25020406,2,13,1,1,1,1,2/27/2025 17:26,2/27/2025 20:09,1248,1248,"23,200",7,5,15,15,0,
713,25020630,2,13,1,1,1,1,3/5/2025 21:42,3/5/2025 22:46,1248,"1,248",20700,7,2,12,15,0,
1478,25030388,2,179,1,1,1,1,3/22/2025 4:59,3/22/2025 6:44,1250,1250,56700,25,6,98,54,0,
486,25020406,2,13,1,1,1,1,2/27/2025 17:26,2/27/2025 20:21,1253,1253,"23,200",7,5,15,15,0,
622,25020710,2,1,1,1,1,1,3/4/2025 8:33,3/4/2025 10:19,1253,1258,"10,100",5,2,10,10,0,
757,25020630,5,13,1,1,1,1,3/6/2025 19:46,3/6/2025 21:46,1253,1253,25750,32,2,64,25,0,
1527,25030498,2,1,1,1,1,1,3/24/2025 14:01,3/24/2025 15:33,1255,1255,31600,12,2,42,30,0,
899,25020825,5,1,1,1,1,1,3/10/2025 19:56,3/10/2025 22:45,1255,1255,33850,12,3,34,25,0,
990,25030092,5,13,1,1,1,1,3/12/2025 21:51,3/13/2025 0:01,1255,1255,43400,26,4,34,35,0,
1003,25020547,5,179,1,1,1,1,3/13/2025 13:52,3/13/2025 15:59,1256,1256,44800,20,6,53,30,0,
1012,25020547,5,179,1,1,1,1,3/13/2025 16:21,3/13/2025 18:38,1256,1256,11900,11,4,22,11,0,
1475,25030388,2,179,1,1,1,1,3/22/2025 4:59,3/22/2025 7:51,1257,1257,56700,25,6,98,54,0,
584,25020546,2,13,1,1,1,1,3/3/2025 13:21,3/3/2025 15:40,1258,1258,"40,600",11,7,38,36,0,
1673,25030486,2,179,1,1,1,1,3/27/2025 0:13,3/27/2025 3:05,1260,1260,35300,11,4,26,25,0,
911,25030029,3,11,1,1,1,1,3/10/2025 21:45,3/10/2025 23:15,1261,1261,35000,7,3,30,10,0,
492,25020407,2,1,1,1,1,1,2/27/2025 21:44,2/27/2025 23:13,1262,1262,"21,000",6,4,17,24,0,
614,25020710,2,1,1,1,1,1,3/3/2025 21:51,3/3/2025 23:05,1262,1262,"44,800",23,2,90,35,0,
696,25020629,2,13,1,1,1,1,3/5/2025 13:50,3/5/2025 16:28,1262,1262,21800,17,5,20,15,0,
797,25020631,5,13,1,1,1,1,3/7/2025 21:18,3/7/2025 23:07,1262,1262,34300,14,2,60,30,0,
1353,25030386,2,179,1,1,1,1,3/20/2025 16:07,3/20/2025 17:37,1263,1263,44100,14,4,21,30,0,
716,25020800,2,2,1,1,1,1,3/6/2025 0:00,3/6/2025 2:21,1264,"1,538",20700,7,2,12,15,236,
991,25030092,5,13,1,1,1,1,3/12/2025 21:51,3/12/2025 23:30,1264,1264,43400,26,4,34,35,0,
1477,25030388,2,179,1,1,1,1,3/22/2025 4:59,3/22/2025 6:29,1265,1265,56700,25,6,98,54,0,
795,25020631,5,13,1,1,1,1,3/7/2025 21:18,3/7/2025 22:43,1265,1265,34300,14,2,60,30,0,
1640,25030390,2,179,1,1,1,1,3/26/2025 13:41,3/26/2025 16:12,1266,1266,46200,15,2,25,40,0,
1674,25030486,2,179,1,1,1,1,3/27/2025 0:13,3/27/2025 2:50,1266,1266,35300,11,4,26,25,0,
920,25030029,3,11,1,1,1,1,3/11/2025 13:40,3/11/2025 15:49,1266,1266,37000,12,3,35,12,0,
1479,25030388,2,179,1,1,1,1,3/22/2025 4:59,3/22/2025 6:38,1268,1268,56700,25,6,98,54,0,
829,25020825,5,1,1,1,1,1,3/8/2025 13:51,3/8/2025 15:44,1268,1268,15050,21,4,48,9,0,
343,25020184,2,13,1,1,1,1,2/21/2025 21:54,2/22/2025 0:31,1270,1270,"46,500",18,3,34,0,0,
1516,25030223,2,2,1,1,1,1,3/23/2025 3:13,3/23/2025 5:17,1270,1270,28950,10,3,20,30,0,
483,25020406,2,13,1,1,1,1,2/27/2025 13:47,2/27/2025 15:30,1271,1266,"33,550",28,1,23,35,0,
582,25020546,2,13,1,1,1,1,3/3/2025 13:21,3/3/2025 15:50,1271,1271,"40,600",11,7,38,36,0,
801,25020631,5,13,1,1,1,1,3/7/2025 21:18,3/7/2025 23:42,1271,1536,34300,14,2,60,30,236,
1838,25030489,2,179,1,1,1,1,3/29/2025 23:11,3/30/2025 0:49,1272,1272,28500,29,4,47,26,0,
744,25020800,5,2,1,1,1,1,3/6/2025 13:54,3/6/2025 15:02,1273,1273,38750,44,7,48,30,0,
1114,25030337,2,13,1,1,1,1,3/15/2025 19:23,3/15/2025 21:13,1274,1274,29600,18,6,35,20,0,
1474,25030388,2,179,1,1,1,1,3/22/2025 4:59,3/22/2025 7:24,1274,1274,56700,25,6,98,54,0,
616,25020710,2,1,1,1,1,1,3/3/2025 21:51,3/3/2025 23:20,1275,1275,"44,800",23,2,90,35,0,
1521,25030498,2,1,1,1,1,1,3/23/2025 4:22,3/23/2025 6:48,1275,1275,21500,6,2,19,15,0,
1885,25030490,2,179,1,1,1,1,4/1/2025 4:47,4/1/2025 7:34,1275,1265,11600,0,0,0,4,0,
1487,25030389,2,179,1,1,1,1,3/22/2025 15:31,3/22/2025 16:39,1276,1276,49700,19,4,19,39,0,
482,25020406,2,13,1,1,1,1,2/27/2025 13:47,2/27/2025 14:54,1277,1322,"33,550",28,1,23,35,0,
615,25020710,2,1,1,1,1,1,3/3/2025 21:51,3/4/2025 0:37,1279,1279,"44,800",23,2,90,35,0,
925,25030095,5,2,1,1,1,1,3/11/2025 15:12,3/11/2025 17:20,1280,1280,44100,22,4,43,30,0,
697,25020629,2,13,1,1,1,1,3/5/2025 13:50,3/5/2025 16:28,1281,1281,21800,17,5,20,15,0,
1675,25030486,2,179,1,1,1,1,3/27/2025 0:13,3/27/2025 1:47,1281,1281,35300,11,4,26,25,0,
924,25030095,5,2,1,1,1,1,3/11/2025 15:12,3/11/2025 18:01,1281,1281,44100,22,4,43,30,0,
442,25020404,2,13,1,1,1,1,2/26/2025 12:56,2/26/2025 14:00,1283,1283,"39,900",34,4,24,30,0,
1391,25030387,2,179,1,1,1,1,3/20/2025 23:30,3/21/2025 1:17,1283,"1,283",32150,22,5,60,30,0,
1782,25030499,2,1,1,1,1,1,3/29/2025 5:42,3/29/2025 7:21,1283,1283,18200,10,3,22,10,0,
1786,25030499,2,1,1,1,1,1,3/29/2025 5:46,3/29/2025 7:22,1283,1283,18200,10,3,22,10,0,
1681,25030495,2,2,1,1,1,1,3/27/2025 5:51,3/27/2025 7:19,1285,1285,28700,22,3,39,20,0,
923,25030095,5,2,1,1,1,1,3/11/2025 15:12,3/11/2025 17:05,1285,1285,44100,22,4,43,30,0,
1355,25030386,2,179,1,1,1,1,3/20/2025 16:07,3/20/2025 18:13,1291,1291,44100,14,4,21,30,0,
898,25020825,5,1,1,1,1,1,3/10/2025 19:56,3/10/2025 22:09,1291,1291,33850,12,3,34,25,0,
989,25030092,5,13,1,1,1,1,3/12/2025 21:51,3/13/2025 0:12,1291,1291,43400,26,4,34,35,0,
1791,25030499,2,1,1,1,1,1,3/29/2025 12:33,3/29/2025 15:27,1292,1292,38300,10,5,30,35,0,
1792,25030499,2,1,1,1,1,1,3/29/2025 12:33,3/29/2025 15:06,1292,1292,38300,10,5,30,35,0,
1499,25030389,2,179,1,1,1,1,3/22/2025 15:31,3/22/2025 18:15,1293,1541,49700,19,4,19,39,248,
1781,25030379,2,93,1,1,1,1,3/29/2025 2:01,3/29/2025 3:09,1293,1476,26650,20,4,80,23,0,
44,25020142,3,11,1,1,1,1,2/13/2025 13:52,2/13/2025 15:47,1293,1293,"31,600",16,0,10,0,0,
775,25020631,5,13,1,1,1,1,3/7/2025 13:46,3/7/2025 15:19,1295,1295,21660,17,4,48,10,0,
1491,25030389,2,179,1,1,1,1,3/22/2025 15:31,3/22/2025 18:15,1296,1296,49700,19,4,19,39,0,
566,25020633,2,2,1,1,1,1,3/2/2025 0:45,3/2/2025 3:04,1297,1297,"35,550",33,7,45,35,0,
1223,25020548,2,179,1,1,1,1,3/18/2025 12:05,3/18/2025 14:56,1297,1297,33350,4,3,10,30,0,
441,25020404,2,13,1,1,1,1,2/26/2025 12:56,2/26/2025 14:24,1298,1298,"39,900",34,4,24,30,0,
420,25020505,2,2,1,1,1,1,2/25/2025 13:50,2/25/2025 16:38,1300,1300,"38,500",15,3,35,30,0,
704,25020629,2,13,1,1,1,1,3/5/2025 17:44,3/5/2025 19:10,1300,1300,24400,15,2,15,25,0,
1528,25030498,2,1,1,1,1,1,3/24/2025 14:01,3/24/2025 15:11,1300,1300,31600,12,2,42,30,0,
1004,25020547,5,179,1,1,1,1,3/13/2025 13:52,3/13/2025 15:40,1302,1302,44800,20,6,53,30,861,
1794,25030499,2,1,1,1,1,1,3/29/2025 12:33,3/29/2025 14:05,1304,1304,38300,10,5,30,35,0,
1002,25020547,5,179,1,1,1,1,3/13/2025 13:52,3/13/2025 16:40,1304,1304,44800,20,6,53,30,0,
978,25030092,5,13,1,1,1,1,3/12/2025 13:56,3/12/2025 15:21,1306,1306,13300,6,1,73,15,0,
988,25030092,5,13,1,1,1,1,3/12/2025 21:51,3/13/2025 0:44,1306,1306,43400,26,4,34,35,0,
1638,25030390,2,179,1,1,1,1,3/26/2025 13:41,3/26/2025 15:12,1308,1308,46200,15,2,25,40,0,
1816,25030489,2,179,1,1,1,1,3/29/2025 17:45,3/29/2025 19:52,1310,1310,28000,26,5,60,20,0,
1822,25030489,2,179,1,1,1,1,3/29/2025 17:54,3/29/2025 19:35,1310,1310,28000,26,5,60,20,0,
1839,25030489,2,179,1,1,1,1,3/29/2025 23:11,3/30/2025 0:30,1310,1310,28500,29,4,47,26,0,
1854,25030726,2,83,1,1,1,1,3/31/2025 9:00,3/31/2025 11:14,1311,1311,21900,19,2,13,10,0,
1354,25030386,2,179,1,1,1,1,3/20/2025 16:07,3/20/2025 17:10,1312,1312,44100,14,4,21,30,0,
1636,25030390,2,179,1,1,1,1,3/26/2025 13:41,3/26/2025 15:35,1312,1312,46200,15,2,25,40,0,
634,25020493,5,111,1,1,1,1,3/4/2025 13:46,3/4/2025 16:26,1314,1314,"38,400",11,5,48,39,0,
418,25020505,2,2,1,1,1,1,2/25/2025 13:50,2/25/2025 16:18,1316,1316,"38,500",15,3,35,30,0,
481,25020406,2,13,1,1,1,1,2/27/2025 13:47,2/27/2025 15:49,1317,1317,"33,550",28,1,23,35,0,
468,25020405,2,13,1,1,1,1,2/27/2025 7:59,2/27/2025 10:00,1318,1324,"10,700",2,1,5,5,0,
1301,25020830,2,179,1,1,1,1,3/19/2025 19:20,3/19/2025 20:25,1320,1320,31700,10,2,25,30,0,
339,25020184,2,13,1,1,1,1,2/21/2025 21:54,2/21/2025 23:58,1321,1321,"46,500",18,3,34,0,0,
419,25020505,2,2,1,1,1,1,2/25/2025 13:50,2/25/2025 14:59,1321,1321,"38,500",15,3,35,30,0,
428,25020505,2,2,1,1,1,1,2/25/2025 16:57,2/25/2025 19:21,1321,840,"18,200",16,4,23,20,0,
480,25020406,2,13,1,1,1,1,2/27/2025 13:47,2/27/2025 16:30,1321,1321,"33,550",28,1,23,35,0,
627,25020632,2,56,1,1,1,1,3/4/2025 10:39,3/4/2025 12:15,1321,1321,"15,520",6,3,20,10,0,
443,25020404,2,13,1,1,1,1,2/26/2025 12:56,2/26/2025 15:31,1322,1322,"39,900",34,4,24,30,0,
1639,25030390,2,179,1,1,1,1,3/26/2025 13:41,3/26/2025 16:15,1325,1325,46200,15,2,25,40,0,
1038,25030219,2,13,1,1,1,1,3/14/2025 13:49,3/14/2025 16:38,1329,1329,39900,38,4,51,25,0,
1490,25030389,2,179,1,1,1,1,3/22/2025 15:31,3/22/2025 17:57,1329,1329,49700,19,4,19,39,0,
1080,25030234,2,1,1,1,1,1,3/14/2025 21:46,3/15/2025 0:20,1332,1332,37800,20,8,52,35,0,
190,25020182,2,13,1,1,1,1,2/17/2025 21:49,2/18/2025 0:28,1333,1333,"43,400",17,3,49,0,0,
1037,25030219,2,13,1,1,1,1,3/14/2025 13:49,3/14/2025 16:21,1333,1333,39900,38,4,51,25,0,
1043,25030233,5,1,1,1,1,1,3/14/2025 13:52,3/14/2025 16:16,1333,1333,39400,32,3,100,25,0,
1045,25030233,5,1,1,1,1,1,3/14/2025 13:52,3/14/2025 15:21,1334,1334,39400,32,3,100,25,0,
1008,25030094,2,13,1,1,1,1,3/13/2025 14:00,3/13/2025 15:45,1335,1335,16200,23,4,17,11,0,
1036,25030219,2,13,1,1,1,1,3/14/2025 13:49,3/14/2025 15:49,1335,1335,39900,38,4,51,25,0,
1107,25030337,2,13,1,1,1,1,3/15/2025 13:46,3/15/2025 16:25,1335,1335,27100,13,2,40,30,0,
1131,25030338,2,13,1,1,1,1,3/17/2025 8:34,3/17/2025 11:00,1335,1335,11100,7,1,11,9,0,
1129,25030338,2,13,1,1,1,1,3/15/2025 21:46,3/15/2025 23:11,1338,1338,13000,2,1,25,10,0,
1297,25020830,2,179,1,1,1,1,3/19/2025 19:20,3/19/2025 20:55,1338,1338,31700,10,2,25,30,0,
1880,25030787,2,1,1,1,1,1,4/1/2025 4:38,4/1/2025 6:31,1338,1486,31050,22,3,30,30,148,
1044,25030233,5,1,1,1,1,1,3/14/2025 13:52,3/14/2025 15:32,1338,1338,39400,32,3,100,25,0,
309,25020409,2,2,1,1,1,1,2/20/2025 17:35,2/20/2025 18:52,1339,1339,"21,700",3,1,20,0,0,
36,25020075,2,1,1,1,1,1,2/13/2025 13:48,2/13/2025 16:34,1341,1341,"42,700",26,3,15,0,0,
1020,25030233,2,1,1,1,1,1,3/13/2025 19:02,3/13/2025 20:24,1341,"1,341",11800,3,0,3,22,0,
1106,25030337,2,13,1,1,1,1,3/15/2025 13:46,3/15/2025 14:55,1341,1341,27100,13,2,40,30,0,
1154,25030220,2,94,1,1,1,1,3/17/2025 13:55,3/17/2025 15:28,1342,1342,28600,37,4,38,20,0,
1224,25020548,2,179,1,1,1,1,3/18/2025 12:05,3/18/2025 13:57,1343,1343,33350,4,3,10,30,0,
513,25020389,2,93,1,1,1,1,2/28/2025 17:02,2/28/2025 19:25,1345,1345,"38,350",47,5,83,60,0,
626,25020632,2,56,1,1,1,1,3/4/2025 10:39,3/4/2025 13:24,1345,1545,"15,520",6,3,20,10,200,
1266,25020829,2,179,1,1,1,1,3/19/2025 9:07,3/19/2025 10:35,1345,1345,18900,12,6,25,20,0,
380,25020271,2,13,1,1,1,1,2/24/2025 9:48,2/24/2025 12:20,1346,1346,"19,100",5,2,10,8,0,
429,25020505,2,2,1,1,1,1,2/25/2025 16:57,2/25/2025 19:26,1346,1346,"18,200",16,4,23,20,0,
1723,25030776,2,94,1,1,1,1,3/27/2025 17:59,3/27/2025 20:14,1347,1350,25300,17,3,10,24,0,
1194,25020548,2,179,1,1,1,1,3/17/2025 21:53,3/17/2025 23:05,1348,1348,15950,10,2,10,15,0,
340,25020184,2,13,1,1,1,1,2/21/2025 21:54,2/22/2025 0:30,1349,1349,"46,500",18,3,34,0,0,
233,25020183,2,13,1,1,1,1,2/18/2025 20:27,2/18/2025 22:56,1350,1350,"38,300",12,2,23,0,0,
1251,25020829,2,179,1,1,1,1,3/18/2025 21:50,3/19/2025 0:41,1350,1350,37800,16,3,20,30,0,
1299,25020830,2,179,1,1,1,1,3/19/2025 19:20,3/19/2025 20:42,1350,1350,31700,10,2,25,30,0,
1441,25030494,2,56,1,1,1,1,3/21/2025 16:23,3/21/2025 18:03,1350,1447,15600,4,2,11,12,130,
460,25020405,2,13,1,1,1,1,2/26/2025 21:44,2/27/2025 0:19,1351,1351,"40,100",20,7,35,28,0,
1095,25030234,2,1,1,1,1,1,3/15/2025 9:18,3/15/2025 10:54,1353,1353,18900,7,3,15,12,0,
548,25020634,2,18,1,1,1,1,3/1/2025 9:57,3/1/2025 11:04,1354,1354,"23,100",14,2,30,20,0,
1282,25020830,2,179,1,1,1,1,3/19/2025 13:47,3/19/2025 15:00,1354,1354,25000,2,2,11,20,0,
125,25020274,2,2,1,1,1,1,2/15/2025 13:45,2/15/2025 15:20,1355,1355,"30,800",4,1,20,0,0,
364,25020271,2,13,1,1,1,1,2/22/2025 21:47,2/22/2025 23:59,1355,1355,"37,600",10,2,21,30,0,
1249,25020829,2,179,1,1,1,1,3/18/2025 21:50,3/19/2025 0:07,1356,1356,37800,16,3,20,30,0,
35,25020075,2,1,1,1,1,1,2/13/2025 13:48,2/13/2025 16:34,1358,1358,"42,700",26,3,15,0,0,
365,25020271,2,13,1,1,1,1,2/22/2025 21:47,2/22/2025 22:47,1358,1358,"37,600",10,2,21,30,0,
461,25020405,2,13,1,1,1,1,2/26/2025 21:44,2/26/2025 23:14,1358,1358,"40,100",20,7,35,28,0,
56,25020117,2,13,1,1,1,1,2/13/2025 21:03,2/13/2025 22:02,1359,1359,"37,800",15,6,43,0,0,
341,25020184,2,13,1,1,1,1,2/21/2025 21:54,2/22/2025 0:21,1359,1359,"46,500",18,3,34,0,0,
325,25020276,2,1,1,1,1,1,2/21/2025 12:27,2/21/2025 13:43,1360,1360,"34,300",21,4,21,0,0,
354,25020185,2,13,1,1,1,1,2/22/2025 13:47,2/22/2025 15:12,1360,1360,"45,700",11,4,25,34,0,
366,25020271,2,13,1,1,1,1,2/22/2025 21:47,2/22/2025 23:18,1360,1360,"37,600",10,2,21,30,0,
55,25020117,2,13,1,1,1,1,2/13/2025 21:03,2/13/2025 22:02,1361,1361,"37,800",15,6,43,0,0,
290,25020409,2,2,1,1,1,1,2/20/2025 13:43,2/20/2025 15:55,1362,1362,"35,000",31,7,21,0,0,
316,25020276,2,1,1,1,1,1,2/20/2025 21:47,2/20/2025 23:37,1363,1363,"22,400",2,1,22,0,0,
234,25020183,2,13,1,1,1,1,2/18/2025 20:27,2/18/2025 23:07,1364,1364,"38,300",12,2,23,0,0,
326,25020276,2,1,1,1,1,1,2/21/2025 12:27,2/21/2025 14:11,1364,1364,"34,300",21,4,21,0,0,
353,25020185,2,13,1,1,1,1,2/22/2025 13:47,2/22/2025 16:38,1364,1364,"45,700",11,4,25,34,0,
145,25020274,2,2,1,1,1,1,2/15/2025 20:56,2/15/2025 22:44,1365,1365,"25,900",18,5,30,0,0,
37,25020075,2,1,1,1,1,1,2/13/2025 13:48,2/13/2025 16:34,1366,1366,"42,700",26,3,15,0,0,
213,25020183,2,13,1,1,1,1,2/18/2025 13:43,2/18/2025 15:54,1366,1366,"18,400",7,3,12,0,0,
30,25020075,2,1,1,1,1,1,2/12/2025 21:07,2/12/2025 22:02,1367,1367,"14,000",10,4,18,0,0,
352,25020185,2,13,1,1,1,1,2/22/2025 13:47,2/22/2025 16:26,1367,1367,"45,700",11,4,25,34,0,
72,25020117,2,13,1,1,1,1,2/14/2025 9:23,2/14/2025 11:41,1368,1368,"18,900",22,4,8,0,0,
108,25020118,2,13,1,1,1,1,2/14/2025 21:07,2/14/2025 22:44,1369,1369,"36,400",32,6,52,0,0,
291,25020409,2,2,1,1,1,1,2/20/2025 13:43,2/20/2025 15:11,1372,1372,"35,000",31,7,21,0,0,
292,25020409,2,2,1,1,1,1,2/20/2025 13:43,2/20/2025 16:17,1372,1372,"35,000",31,7,21,0,0,
631,25020711,2,110,1,1,1,1,3/4/2025 13:42,3/4/2025 15:22,1373,1373,"14,700",12,4,37,12,0,
109,25020118,2,13,1,1,1,1,2/14/2025 21:07,2/14/2025 22:29,1374,1374,"36,400",32,6,52,0,0,
635,25020493,5,111,1,1,1,1,3/4/2025 13:46,3/4/2025 16:42,1374,1374,"38,400",11,5,48,39,0,
1156,25030220,2,94,1,1,1,1,3/17/2025 13:55,3/17/2025 15:37,1376,1415,28600,37,4,38,20,0,
126,25020274,2,2,1,1,1,1,2/15/2025 13:45,2/15/2025 14:58,1377,1377,"30,800",4,1,20,0,0,
639,25020493,5,111,1,1,1,1,3/4/2025 13:46,3/4/2025 14:53,1377,1377,"38,400",11,5,48,39,0,
188,25020182,2,13,1,1,1,1,2/17/2025 21:49,2/17/2025 23:04,1379,1379,"43,400",17,3,49,0,0,
191,25020182,2,13,1,1,1,1,2/17/2025 21:49,2/17/2025 23:58,1380,1380,"43,400",17,3,49,0,0,
279,25020434,2,67,1,1,1,1,2/19/2025 20:22,2/19/2025 23:07,1383,1383,"14,050",11,2,28,0,0,
767,25020494,5,67,1,1,1,1,3/7/2025 9:38,3/7/2025 10:55,1388,1388,15700,12,3,9,11,0,
771,25020494,5,67,1,1,1,1,3/7/2025 9:39,3/7/2025 12:29,1388,1388,15700,12,3,9,11,0,
39,25020075,2,1,1,1,1,1,2/13/2025 13:48,2/13/2025 16:34,1390,1390,"42,700",26,3,15,0,0,
1180,25030220,2,94,1,1,1,1,3/17/2025 19:22,3/17/2025 21:03,1390,1390,27100,38,4,33,24,0,
1155,25030220,2,94,1,1,1,1,3/17/2025 13:55,3/17/2025 15:34,1392,1392,28600,37,4,38,20,0,
516,25020389,2,93,1,1,1,1,2/28/2025 17:02,2/28/2025 18:21,1398,1398,"38,350",47,5,83,60,0,
1530,25030498,2,1,1,1,1,1,3/24/2025 14:01,3/24/2025 15:09,1398,1398,31600,12,2,42,30,0,
1661,25030486,2,179,1,1,1,1,3/26/2025 17:49,3/26/2025 20:32,1401,1275,21200,7,0,20,20,0,
759,25020630,5,13,1,1,1,1,3/6/2025 19:46,3/6/2025 21:58,1409,1406,25750,32,2,64,25,0,
638,25020493,5,111,1,1,1,1,3/4/2025 13:46,3/4/2025 14:53,1414,1414,"38,400",11,5,48,39,0,
345,25020184,2,13,1,1,1,1,2/21/2025 21:54,2/22/2025 0:02,1415,1593,"46,500",18,3,34,0,111,
75,25020117,2,13,1,1,1,1,2/14/2025 9:23,2/14/2025 11:14,1417,1602,"18,900",22,4,8,0,169,
1777,25030379,2,93,1,1,1,1,3/29/2025 2:01,3/29/2025 4:08,1421,1421,26650,20,4,80,23,0,
1395,25030391,2,94,1,1,1,1,3/21/2025 1:59,3/21/2025 4:37,1423,1423,15000,8,2,12,18,0,
508,25020389,2,93,1,1,1,1,2/28/2025 17:02,2/28/2025 18:05,1427,1427,"38,350",47,5,83,60,0,
510,25020389,2,93,1,1,1,1,2/28/2025 17:02,2/28/2025 19:44,1430,1430,"38,350",47,5,83,60,0,
1537,25030609,2,94,1,1,1,1,3/24/2025 21:50,3/24/2025 23:53,1436,1436,39200,25,5,43,42,0,
281,25020434,2,67,1,1,1,1,2/19/2025 20:22,2/19/2025 22:53,1439,1439,"14,050",11,2,28,0,0,
1158,25030220,2,94,1,1,1,1,3/17/2025 13:55,3/17/2025 16:12,1439,1644,28600,37,4,38,20,151,
1722,25030776,2,94,1,1,1,1,3/27/2025 17:59,3/27/2025 19:20,1441,1441,25300,17,3,10,24,0,
1424,25030391,2,94,1,1,1,1,3/21/2025 13:21,3/21/2025 14:35,1442,1442,41700,24,7,36,45,0,
511,25020389,2,93,1,1,1,1,2/28/2025 17:02,2/28/2025 19:17,1445,1445,"38,350",47,5,83,60,0,
857,25020556,5,94,1,1,1,1,3/8/2025 21:48,3/8/2025 23:26,1445,1445,27300,37,6,71,30,0,
1536,25030609,2,94,1,1,1,1,3/24/2025 21:50,3/25/2025 0:35,1446,1446,39200,25,5,43,42,0,
886,25020556,5,94,1,1,1,1,3/10/2025 13:29,3/10/2025 14:37,1446,1446,29400,24,3,55,24,0,
1733,25030776,2,94,1,1,1,1,3/28/2025 0:02,3/28/2025 2:17,1447,1447,31400,17,4,26,34,0,
499,25020407,2,1,1,1,1,1,2/28/2025 8:59,2/28/2025 11:36,1448,1448,"17,100",7,2,15,15,0,
538,25020550,2,94,1,1,1,1,3/1/2025 5:53,3/1/2025 7:45,1448,1448,"33,600",25,7,21,36,0,
539,25020550,2,94,1,1,1,1,3/1/2025 5:53,3/1/2025 7:59,1448,1448,"33,600",25,7,21,36,0,
549,25020634,2,18,1,1,1,1,3/1/2025 9:57,3/1/2025 11:00,1448,1448,"23,100",14,2,30,20,0,
1426,25030391,2,94,1,1,1,1,3/21/2025 13:21,3/21/2025 15:51,1448,1448,41700,24,7,36,45,0,
1181,25030220,2,94,1,1,1,1,3/17/2025 19:22,3/17/2025 22:15,1449,1449,27100,38,4,33,24,0,
769,25020494,5,67,1,1,1,1,3/7/2025 9:38,3/7/2025 11:23,1450,1450,15700,12,3,9,11,0,
773,25020494,5,67,1,1,1,1,3/7/2025 9:39,3/7/2025 12:23,1450,1450,15700,12,3,9,11,0,
860,25020556,5,94,1,1,1,1,3/8/2025 21:48,3/9/2025 0:08,1450,1450,27300,37,6,71,30,0,
525,25020634,2,18,1,1,1,1,2/28/2025 23:07,3/1/2025 1:37,1451,1451,"27,050",25,7,20,30,0,
858,25020556,5,94,1,1,1,1,3/8/2025 21:48,3/9/2025 0:39,1451,1451,27300,37,6,71,30,0,
409,25020628,2,85,1,1,1,1,2/24/2025 21:42,2/25/2025 0:17,1452,1452,"11,200",5,3,15,0,0,
515,25020389,2,93,1,1,1,1,2/28/2025 17:02,2/28/2025 19:13,1452,1452,"38,350",47,5,83,60,0,
658,25020711,2,110,1,1,1,1,3/4/2025 20:00,3/4/2025 22:41,1452,1452,16350,16,3,50,15,0,
1734,25030776,2,94,1,1,1,1,3/28/2025 0:02,3/28/2025 2:48,1452,1452,31400,17,4,26,34,0,
1759,25030488,2,179,1,1,1,1,3/28/2025 17:44,3/28/2025 19:56,1453,1453,40600,17,5,65,35,0,
534,25020550,2,94,1,1,1,1,3/1/2025 5:53,3/1/2025 7:39,1457,1457,"33,600",25,7,21,36,0,
535,25020550,2,94,1,1,1,1,3/1/2025 5:53,3/1/2025 8:23,1457,1457,"33,600",25,7,21,36,0,
1847,25030722,2,84,1,1,1,1,3/30/2025 4:08,3/30/2025 6:16,1457,1736,30300,13,2,30,0,298,
557,25020633,5,2,1,1,1,1,3/1/2025 15:12,3/1/2025 17:38,1457,1457,"21,150",20,4,32,20,0,
884,25020556,5,94,1,1,1,1,3/10/2025 13:29,3/10/2025 16:02,1458,1458,29400,24,3,55,24,0,
1735,25030776,2,94,1,1,1,1,3/28/2025 0:02,3/28/2025 1:57,1460,1460,31400,17,4,26,34,0,
636,25020493,5,111,1,1,1,1,3/4/2025 13:46,3/4/2025 15:30,1461,1351,"38,400",11,5,48,39,0,
1110,25030337,2,13,1,1,1,1,3/15/2025 13:46,3/15/2025 16:12,1463,1580,27100,13,2,40,30,0,
1402,25030387,2,179,1,1,1,1,3/21/2025 5:47,3/21/2025 7:29,1464,1589,15900,10,3,14,12,0,
1535,25030609,2,94,1,1,1,1,3/24/2025 21:50,3/24/2025 23:09,1464,1464,39200,25,5,43,42,0,
1779,25030379,2,93,1,1,1,1,3/29/2025 2:01,3/29/2025 4:25,1464,1464,26650,20,4,80,23,0,
564,25020633,2,2,1,1,1,1,3/2/2025 0:45,3/2/2025 2:31,1465,1465,"35,550",33,7,45,35,0,
514,25020389,2,93,1,1,1,1,2/28/2025 17:02,2/28/2025 18:57,1466,1466,"38,350",47,5,83,60,0,
1425,25030391,2,94,1,1,1,1,3/21/2025 13:21,3/21/2025 15:28,1467,1467,41700,24,7,36,45,0,
1776,25030379,2,93,1,1,1,1,3/29/2025 2:01,3/29/2025 3:19,1467,1467,26650,20,4,80,23,0,
1747,25030487,2,179,1,1,1,1,3/28/2025 9:59,3/28/2025 12:03,1469,1469,25700,8,2,25,15,0,
972,25020831,5,94,1,1,1,1,3/12/2025 11:44,3/12/2025 13:13,1473,1473,25300,32,3,103,24,0,
1741,25030487,2,179,1,1,1,1,3/28/2025 5:53,3/28/2025 8:21,1475,1475,30800,17,3,34,20,0,
260,25020273,2,62,1,1,1,1,2/19/2025 13:43,2/19/2025 16:17,1476,1476,"29,400",38,9,48,0,0,
1393,25030387,2,179,1,1,1,1,3/20/2025 23:30,3/21/2025 2:10,1476,"1,476",32150,22,5,60,30,0,
1755,25030488,2,179,1,1,1,1,3/28/2025 17:44,3/28/2025 20:37,1476,1476,40600,17,5,65,35,0,
258,25020273,2,62,1,1,1,1,2/19/2025 13:43,2/19/2025 16:24,1477,1477,"29,400",38,9,48,0,0,
1739,25030487,2,179,1,1,1,1,3/28/2025 5:53,3/28/2025 8:21,1479,1479,30800,17,3,34,20,0,
536,25020550,2,94,1,1,1,1,3/1/2025 5:53,3/1/2025 7:17,1480,1480,"33,600",25,7,21,36,0,
537,25020550,2,94,1,1,1,1,3/1/2025 5:53,3/1/2025 7:27,1480,1480,"33,600",25,7,21,36,0,
1023,25030210,5,110,1,1,1,1,3/13/2025 19:26,3/13/2025 22:18,1480,1480,15750,11,3,21,11,0,
1028,25030221,5,56,1,1,1,1,3/13/2025 21:46,3/13/2025 23:37,1481,1481,16520,12,3,18,12,0,
952,25020831,5,94,1,1,1,1,3/11/2025 21:56,3/12/2025 0:43,1482,1482,31000,43,5,51,30,0,
275,25020273,2,62,1,1,1,1,2/19/2025 17:19,2/19/2025 20:13,1483,1483,"17,150",10,3,32,0,0,
1756,25030488,2,179,1,1,1,1,3/28/2025 17:44,3/28/2025 19:48,1483,1483,40600,17,5,65,35,0,
1869,25030914,2,13,1,1,1,1,3/31/2025 17:47,3/31/2025 20:30,1483,1483,44100,29,6,67,30,0,
463,25020405,2,13,1,1,1,1,2/26/2025 21:44,2/26/2025 23:52,1487,1487,"40,100",20,7,35,28,0,
294,25020409,2,2,1,1,1,1,2/20/2025 13:43,2/20/2025 16:37,1489,1489,"35,000",31,7,21,0,0,
619,25020710,2,1,1,1,1,1,3/3/2025 21:51,3/3/2025 23:09,1489,1489,"44,800",23,2,90,35,0,
950,25020831,5,94,1,1,1,1,3/11/2025 21:56,3/12/2025 0:20,1489,1489,31000,43,5,51,30,0,
1754,25030488,2,179,1,1,1,1,3/28/2025 17:44,3/28/2025 19:19,1490,1490,40600,17,5,65,35,0,
1868,25030914,2,13,1,1,1,1,3/31/2025 17:47,3/31/2025 19:03,1490,1490,44100,29,6,67,30,0,
484,25020406,2,13,1,1,1,1,2/27/2025 13:47,2/27/2025 15:00,1492,1492,"33,550",28,1,23,35,0,
620,25020710,2,1,1,1,1,1,3/3/2025 21:51,3/3/2025 23:06,1494,1494,"44,800",23,2,90,35,0,
861,25020556,5,94,1,1,1,1,3/8/2025 21:48,3/9/2025 0:12,1494,1633,27300,37,6,71,30,0,
423,25020505,2,2,1,1,1,1,2/25/2025 13:50,2/25/2025 15:42,1496,1496,"38,500",15,3,35,30,0,
889,25020556,5,94,1,1,1,1,3/10/2025 13:29,3/10/2025 15:04,1496,1623,29400,24,3,55,24,39,
974,25020831,5,94,1,1,1,1,3/12/2025 11:44,3/12/2025 13:56,1497,1497,25300,32,3,103,24,0,
1011,25030094,2,13,1,1,1,1,3/13/2025 14:00,3/13/2025 16:05,1498,1542,16200,23,4,17,11,0,
1524,25030498,2,1,1,1,1,1,3/23/2025 4:22,3/23/2025 6:30,1499,1499,21500,6,2,19,15,0,
1018,25030094,2,13,1,1,1,1,3/13/2025 16:49,3/13/2025 18:33,1500,1500,14850,10,2,10,0,143,
1394,25030387,2,179,1,1,1,1,3/20/2025 23:30,3/21/2025 2:21,1500,"1,586",32150,22,5,60,30,0,
1867,25030914,2,13,1,1,1,1,3/31/2025 17:47,3/31/2025 19:34,1501,1501,44100,29,6,67,30,0,
586,25020546,2,13,1,1,1,1,3/3/2025 13:21,3/3/2025 14:50,1503,1503,"40,600",11,7,38,36,0,
422,25020505,2,2,1,1,1,1,2/25/2025 13:50,2/25/2025 15:14,1504,1504,"38,500",15,3,35,30,0,
1254,25020829,2,179,1,1,1,1,3/18/2025 21:50,3/19/2025 0:20,1504,1504,37800,16,3,20,30,0,
1879,25030787,2,1,1,1,1,1,4/1/2025 4:38,4/1/2025 6:47,1504,1504,31050,22,3,30,30,0,
587,25020546,2,13,1,1,1,1,3/3/2025 13:21,3/3/2025 14:29,1505,1505,"40,600",11,7,38,36,0,
660,25020711,2,110,1,1,1,1,3/4/2025 20:00,3/4/2025 21:47,1506,1506,16350,16,3,50,15,0,
295,25020409,2,2,1,1,1,1,2/20/2025 13:43,2/20/2025 15:39,1507,1507,"35,000",31,7,21,0,0,
464,25020405,2,13,1,1,1,1,2/26/2025 21:44,2/27/2025 0:27,1507,1507,"40,100",20,7,35,28,0,
800,25020631,5,13,1,1,1,1,3/7/2025 21:18,3/7/2025 23:53,1508,1508,34300,14,2,60,30,0,
432,25020505,2,2,1,1,1,1,2/25/2025 16:57,2/25/2025 19:43,1511,931,"18,200",16,4,23,20,0,
748,25020800,5,2,1,1,1,1,3/6/2025 13:54,3/6/2025 16:01,1513,1513,38750,44,7,48,30,0,
446,25020404,2,13,1,1,1,1,2/26/2025 12:56,2/26/2025 14:46,1514,1514,"39,900",34,4,24,30,0,
495,25020407,2,1,1,1,1,1,2/27/2025 21:44,2/27/2025 23:50,1514,1514,"21,000",6,4,17,24,0,
1531,25030498,2,1,1,1,1,1,3/24/2025 14:01,3/24/2025 16:11,1515,1537,31600,12,2,42,30,0,
699,25020629,2,13,1,1,1,1,3/5/2025 13:50,3/5/2025 15:17,1519,1519,21800,17,5,20,15,0,
1844,25030722,2,84,1,1,1,1,3/30/2025 4:08,3/30/2025 6:12,1519,1519,30300,13,2,30,0,0,
711,25020800,2,2,1,1,1,1,3/5/2025 21:41,3/6/2025 0:10,1524,1544,16550,19,2,15,5,0,
1227,25020548,2,179,1,1,1,1,3/18/2025 12:05,3/18/2025 13:05,1530,1530,33350,4,3,10,30,0,
1481,25030388,2,179,1,1,1,1,3/22/2025 4:59,3/22/2025 7:02,1530,1530,56700,25,6,98,54,0,
1518,25030223,2,2,1,1,1,1,3/23/2025 3:13,3/23/2025 5:22,1532,1532,28950,10,3,20,30,0,
216,25020183,2,13,1,1,1,1,2/18/2025 13:43,2/18/2025 15:57,1533,1578,"18,400",7,3,12,0,0,
1819,25030489,2,179,1,1,1,1,3/29/2025 17:45,3/29/2025 19:32,1533,1533,28000,26,5,60,20,0,
1825,25030489,2,179,1,1,1,1,3/29/2025 17:54,3/29/2025 20:22,1533,1533,28000,26,5,60,20,0,
1006,25020547,5,179,1,1,1,1,3/13/2025 13:52,3/13/2025 16:28,1534,1534,44800,20,6,53,30,0,
778,25020631,5,13,1,1,1,1,3/7/2025 13:46,3/7/2025 16:24,1536,1536,21660,17,4,48,10,0,
1226,25020548,2,179,1,1,1,1,3/18/2025 12:05,3/18/2025 13:19,1538,1538,33350,4,3,10,30,0,
1483,25030388,2,179,1,1,1,1,3/22/2025 4:59,3/22/2025 7:21,1538,1538,56700,25,6,98,54,0,
1495,25030389,2,179,1,1,1,1,3/22/2025 15:31,3/22/2025 17:35,1538,1538,49700,19,4,19,39,0,
1358,25030386,2,179,1,1,1,1,3/20/2025 16:07,3/20/2025 18:40,1540,1540,44100,14,4,21,30,0,
995,25030092,5,13,1,1,1,1,3/12/2025 21:51,3/12/2025 23:38,1540,1540,43400,26,4,34,35,0,
1359,25030386,2,179,1,1,1,1,3/20/2025 16:07,3/20/2025 18:01,1541,1541,44100,14,4,21,30,0,
1007,25020547,5,179,1,1,1,1,3/13/2025 13:52,3/13/2025 15:10,1541,1541,44800,20,6,53,30,0,
901,25020825,5,1,1,1,1,1,3/10/2025 19:56,3/10/2025 22:14,1542,1542,33850,12,3,34,25,0,
928,25030095,5,2,1,1,1,1,3/11/2025 15:12,3/11/2025 18:06,1542,1542,44100,22,4,43,30,0,
1482,25030388,2,179,1,1,1,1,3/22/2025 4:59,3/22/2025 7:51,1545,1545,56700,25,6,98,54,0,
1302,25020830,2,179,1,1,1,1,3/19/2025 19:20,3/19/2025 20:46,1547,1547,31700,10,2,25,30,0,
573,25020567,5,96,1,1,1,1,3/3/2025 9:01,3/3/2025 10:33,1547,1547,"20,200",34,4,49,11,0,
1494,25030389,2,179,1,1,1,1,3/22/2025 15:31,3/22/2025 17:52,1553,1553,49700,19,4,19,39,0,
147,25020274,2,2,1,1,1,1,2/15/2025 20:56,2/15/2025 22:14,1556,1556,"25,900",18,5,30,0,0,
237,25020183,2,13,1,1,1,1,2/18/2025 20:27,2/18/2025 21:47,1556,1556,"38,300",12,2,23,0,0,
1797,25030499,2,1,1,1,1,1,3/29/2025 12:33,3/29/2025 15:04,1557,1557,38300,10,5,30,35,0,
747,25020800,5,2,1,1,1,1,3/6/2025 13:54,3/6/2025 16:48,1557,1557,38750,44,7,48,30,0,
1784,25030499,2,1,1,1,1,1,3/29/2025 5:42,3/29/2025 6:42,1560,1560,18200,10,3,22,10,0,
1788,25030499,2,1,1,1,1,1,3/29/2025 5:46,3/29/2025 6:48,1560,1560,18200,10,3,22,10,0,
236,25020183,2,13,1,1,1,1,2/18/2025 20:27,2/18/2025 23:10,1561,1561,"38,300",12,2,23,0,0,
1842,25030489,2,179,1,1,1,1,3/29/2025 23:11,3/30/2025 0:14,1562,1562,28500,29,4,47,26,0,
559,25020633,5,2,1,1,1,1,3/1/2025 15:12,3/1/2025 16:21,1564,1564,"21,150",20,4,32,20,0,
568,25020633,2,2,1,1,1,1,3/2/2025 0:45,3/2/2025 2:10,1565,1565,"35,550",33,7,45,35,0,
927,25030095,5,2,1,1,1,1,3/11/2025 15:12,3/11/2025 17:18,1565,1565,44100,22,4,43,30,0,
994,25030092,5,13,1,1,1,1,3/12/2025 21:51,3/12/2025 23:33,1566,1566,43400,26,4,34,35,0,
129,25020274,2,2,1,1,1,1,2/15/2025 13:45,2/15/2025 15:19,1568,1591,"30,800",4,1,20,0,0,
356,25020185,2,13,1,1,1,1,2/22/2025 13:47,2/22/2025 15:38,1568,1568,"45,700",11,4,25,34,0,
368,25020271,2,13,1,1,1,1,2/22/2025 21:47,2/22/2025 23:36,1569,1569,"37,600",10,2,21,30,0,
344,25020184,2,13,1,1,1,1,2/21/2025 21:54,2/22/2025 0:43,1571,1571,"46,500",18,3,34,0,0,
1285,25020830,2,179,1,1,1,1,3/19/2025 13:47,3/19/2025 16:11,1572,1572,25000,2,2,11,20,0,
194,25020182,2,13,1,1,1,1,2/17/2025 21:49,2/18/2025 0:25,1575,1575,"43,400",17,3,49,0,0,
357,25020185,2,13,1,1,1,1,2/22/2025 13:47,2/22/2025 16:14,1576,1576,"45,700",11,4,25,34,0,
1760,25030488,2,179,1,1,1,1,3/28/2025 17:44,3/28/2025 19:50,1577,1577,40600,17,5,65,35,0,
1048,25030233,5,1,1,1,1,1,3/14/2025 13:52,3/14/2025 15:34,1577,1577,39400,32,3,100,25,0,
329,25020276,2,1,1,1,1,1,2/21/2025 12:27,2/21/2025 13:50,1579,1579,"34,300",21,4,21,0,0,
1645,25030390,2,179,1,1,1,1,3/26/2025 13:41,3/26/2025 14:57,1579,1579,46200,15,2,25,40,0,
1872,25030914,2,13,1,1,1,1,3/31/2025 17:47,3/31/2025 19:18,1579,1579,44100,29,6,67,30,0,
1084,25030234,2,1,1,1,1,1,3/14/2025 21:46,3/15/2025 0:16,1581,1581,37800,20,8,52,35,0,
1117,25030337,2,13,1,1,1,1,3/15/2025 19:23,3/15/2025 21:56,1581,1581,29600,18,6,35,20,0,
1743,25030487,2,179,1,1,1,1,3/28/2025 5:53,3/28/2025 7:48,1581,1581,30800,17,3,34,20,0,
1678,25030486,2,179,1,1,1,1,3/27/2025 0:13,3/27/2025 1:38,1582,1582,35300,11,4,26,25,0,
1047,25030233,5,1,1,1,1,1,3/14/2025 13:52,3/14/2025 15:24,1585,1585,39400,32,3,100,25,0,
1041,25030219,2,13,1,1,1,1,3/14/2025 13:49,3/14/2025 16:05,1586,1586,39900,38,4,51,25,0,
58,25020117,2,13,1,1,1,1,2/13/2025 21:03,2/13/2025 22:02,1587,1587,"37,800",15,6,43,0,0,
1871,25030914,2,13,1,1,1,1,3/31/2025 17:47,3/31/2025 20:10,1587,1587,44100,29,6,67,30,0,
1685,25030495,2,2,1,1,1,1,3/27/2025 5:51,3/27/2025 8:21,1589,1589,28700,22,3,39,20,0,
1641,25030390,2,179,1,1,1,1,3/26/2025 13:41,3/26/2025 16:29,1590,1590,46200,15,2,25,40,0,
1040,25030219,2,13,1,1,1,1,3/14/2025 13:49,3/14/2025 15:22,1592,1592,39900,38,4,51,25,0,
1882,25030787,2,1,1,1,1,1,4/1/2025 4:38,4/1/2025 6:27,1592,1592,31050,22,3,30,30,0,
195,25020182,2,13,1,1,1,1,2/17/2025 21:49,2/17/2025 22:56,1594,1594,"43,400",17,3,49,0,0,
112,25020118,2,13,1,1,1,1,2/14/2025 21:07,2/14/2025 23:42,1597,1597,"36,400",32,6,52,0,0,
1031,25030221,5,56,1,1,1,1,3/13/2025 21:46,3/13/2025 23:54,1599,1636,16520,12,3,18,12,0,
1398,25030391,2,94,1,1,1,1,3/21/2025 1:59,3/21/2025 4:33,1601,1626,15000,8,2,12,18,0,
569,25020633,2,2,1,1,1,1,3/2/2025 0:45,3/2/2025 2:00,1613,1613,"35,550",33,7,45,35,0,
40,25020075,2,1,1,1,1,1,2/13/2025 13:48,2/13/2025 16:34,1614,1614,"42,700",26,3,15,0,0,
1429,25030391,2,94,1,1,1,1,3/21/2025 13:21,3/21/2025 14:55,1618,1618,41700,24,7,36,45,0,
1540,25030609,2,94,1,1,1,1,3/24/2025 21:50,3/24/2025 22:58,1619,1619,39200,25,5,43,42,0,
954,25020831,5,94,1,1,1,1,3/11/2025 21:56,3/11/2025 23:08,1619,1619,31000,43,5,51,30,0,
1430,25030391,2,94,1,1,1,1,3/21/2025 13:21,3/21/2025 15:33,1620,1620,41700,24,7,36,45,0,
1157,25030220,2,94,1,1,1,1,3/17/2025 13:55,3/17/2025 16:10,1624,1624,28600,37,4,38,20,0,
1025,25030210,5,110,1,1,1,1,3/13/2025 19:26,3/13/2025 20:38,1650,1650,15750,11,3,21,11,0,
955,25020831,5,94,1,1,1,1,3/11/2025 21:56,3/12/2025 0:51,1651,1651,31000,43,5,51,30,0,
888,25020556,5,94,1,1,1,1,3/10/2025 13:29,3/10/2025 16:07,1654,1654,29400,24,3,55,24,0,
528,25020634,2,18,1,1,1,1,2/28/2025 23:07,3/1/2025 1:36,1664,1664,"27,050",25,7,20,30,0,
1541,25030609,2,94,1,1,1,1,3/24/2025 21:50,3/25/2025 0:23,1673,1673,39200,25,5,43,42,0,
1183,25030220,2,94,1,1,1,1,3/17/2025 19:22,3/17/2025 21:07,1678,1678,27100,38,4,33,24,0,
544,25020550,2,94,1,1,1,1,3/1/2025 5:53,3/1/2025 8:29,1689,1689,"33,600",25,7,21,36,0,
545,25020550,2,94,1,1,1,1,3/1/2025 5:53,3/1/2025 8:49,1689,1689,"33,600",25,7,21,36,0,
263,25020273,2,62,1,1,1,1,2/19/2025 13:43,2/19/2025 16:02,1694,1694,"29,400",38,9,48,0,0,
552,25020634,2,18,1,1,1,1,3/1/2025 9:57,3/1/2025 11:45,1703,1703,"23,100",14,2,30,20,0,
1737,25030776,2,94,1,1,1,1,3/28/2025 0:02,3/28/2025 1:29,1722,1722,31400,17,4,26,34,0,
1724,25030776,2,94,1,1,1,1,3/27/2025 17:59,3/27/2025 19:45,1736,1736,25300,17,3,10,24,0,
814,25030107,5,83,1,1,1,1,3/8/2025 11:40,3/8/2025 13:29,1778,1778,30250,9,2,13,11,0,
